,Temp,MaxTemp,MinTemp,hPAAtSeaLevel,hPA,Humidity,Visibility,AverageWindSpeed,MaxSustainedWindSpeed,Fog
917,74.48,86.9,58.1,1018.8,954.3,47,13.7,15.2,22.2,0
310,55.58,66.92,48.92,1017.7,1016.9,82,10.9,4.3,13.0,0
1521,45.68,57.2,30.2,1022.5,953.3,56,11.9,8.9,33.5,0
753,47.66,55.94,41.0,1013.3,1011.7,77,15.8,7.4,20.6,0
812,55.22,66.92,39.02,1018.2,1016.6,48,16.1,23.5,44.6,0
122,62.42,75.92,48.92,1014.7,1013.1,56,16.1,9.4,25.9,0
1032,65.3,78.98,53.96,1015.5,1013.8,70,16.1,5.9,14.8,0
1356,60.08,73.4,42.44,1024.1,956.4,48,13.4,10.9,27.8,0
1394,58.1,66.2,51.8,1015.8,948.6,75,9.5,3.1,9.4,0
1363,59.18,70.88,44.6,1017.7,950.2,62,10.9,10.4,22.2,0
428,61.88,78.08,48.92,1016.9,1015.2,48,16.1,5.9,20.6,0
1085,43.16,48.2,39.56,1026.2,956.3,88,4.2,8.5,16.5,1
1617,73.94,86.9,59.9,1013.2,948.1,43,11.4,9.3,29.4,0
855,65.84,82.94,53.06,1012.8,1011.1,57,15.8,9.8,22.2,0
848,62.6,82.94,41.0,1020.4,1018.7,41,16.1,9.1,24.1,0
33,53.24,59.0,50.0,1001.7,999.8,82,13.2,20.0,37.0,0
249,65.48,75.92,59.0,1017.7,1016.1,72,16.1,13.0,24.1,0
1819,57.74,59.72,55.4,1007.4,940.6,87,10.3,34.3,44.3,0
1144,49.1,55.4,41.0,1022.4,954.0,57,13.2,17.2,27.8,0
1009,55.58,64.4,50.0,1008.9,942.3,69,11.3,25.2,37.0,0
612,65.48,80.96,59.0,1015.9,1014.2,68,15.4,12.2,24.1,0
944,66.92,78.98,55.94,1018.3,1016.7,62,16.1,11.1,25.9,0
1589,66.2,77.36,54.32,1015.0,949.2,60,14.8,9.1,29.4,0
982,70.7,91.04,62.959999999999994,1010.4,1008.7,64,15.9,10.0,22.2,0
305,57.379999999999995,75.92,41.0,1019.6,1017.9,35,16.1,4.6,11.1,0
887,65.66,75.02,60.08,1010.5,1008.9,57,16.1,12.6,22.2,0
988,62.059999999999995,75.2,56.3,1010.7,944.5,63,12.9,16.9,33.5,0
1464,37.04,48.2,25.880000000000003,1026.6,956.2,78,9.0,5.2,40.7,0
890,58.82,68.0,50.0,1020.0,1018.3,54,16.1,16.5,35.2,0
160,82.58,100.04,59.0,1014.6,1013.0,33,16.1,7.4,20.6,0
695,50.72,64.94,37.94,1022.9,1021.2,54,16.1,7.2,24.1,0
1136,42.98,60.08,30.2,1029.0,960.4,63,10.8,3.5,11.1,0
445,53.96,64.94,41.0,1020.7,1019.1,69,16.1,7.2,14.8,0
691,48.74,64.04,35.96,1018.6,1017.0,55,15.9,5.6,24.1,0
1493,45.14,55.4,39.2,1029.5,960.4,81,4.7,3.7,11.1,1
1184,58.459999999999994,68.0,48.2,1018.3,951.1,56,11.7,11.3,24.1,0
1655,75.2,87.8,60.08,1015.4,950.3,42,13.4,9.6,29.4,0
1274,80.24000000000001,96.8,60.8,1016.7,951.8,42,12.6,5.6,11.1,0
1051,55.94,68.0,44.06,1017.2,1015.5,72,15.4,5.0,13.0,0
131,61.34,71.96,55.04,1014.9,1013.1,76,16.1,11.3,24.1,0
1761,62.959999999999994,75.2,51.8,1020.3,953.6,60,11.7,7.2,18.3,0
1313,82.4,98.6,62.959999999999994,1014.5,950.2,36,15.0,11.5,29.4,0
51,47.48,55.94,39.92,1007.2,1005.4,65,16.1,20.9,37.0,0
170,66.92,78.98,57.92,1012.0,1010.3,73,16.1,16.7,25.9,0
1814,50.36,53.6,43.7,1020.4,952.0,92,4.8,2.4,11.1,0
944,80.06,94.1,62.6,1014.0,949.8,42,11.3,5.6,11.1,0
260,66.02,75.92,57.92,1014.9,1013.1,70,16.1,11.9,31.7,0
286,58.82,75.02,46.04,1013.2,1011.5,57,16.1,7.6,20.6,0
134,61.34,68.0,55.94,1012.0,1010.3,77,15.9,13.7,27.8,0
1128,39.74,50.0,26.6,1026.8,956.1,77,7.6,2.8,11.1,0
800,47.66,57.02,42.08,1017.0,1015.3,70,15.8,7.6,18.3,0
1188,51.44,62.24,39.56,1026.7,958.4,49,14.3,12.8,25.9,0
1233,56.66,65.3,49.1,1013.0,945.7,60,12.1,21.1,33.5,0
378,51.26,57.02,39.92,1022.8,1021.1,73,15.0,9.1,24.1,0
928,66.38,82.04,53.06,1012.8,1011.1,62,16.1,12.4,20.6,0
1582,64.75999999999999,82.4,54.32,1017.9,951.4,57,12.7,9.1,31.3,0
1752,66.56,79.16,50.0,1025.6,959.7,49,12.2,6.3,14.8,0
1158,54.86,68.9,39.2,1028.7,958.7,69,12.9,6.5,14.8,0
781,52.34,60.08,48.02,1026.4,1024.7,68,15.6,16.5,29.4,0
966,74.12,85.1,59.0,1006.6,942.1,48,11.9,13.3,27.8,0
818,56.120000000000005,77.0,44.96,1019.0,1017.3,60,16.1,11.1,25.9,0
518,71.96,91.94,60.08,1014.7,1013.0,49,16.1,10.7,27.8,0
1368,62.959999999999994,73.4,56.3,1015.1,948.7,69,10.8,4.1,11.1,0
487,62.959999999999994,75.02,50.0,1019.1,1017.4,63,16.1,11.9,31.7,0
97,63.86,75.02,53.06,1023.2,1021.5,78,15.9,10.0,24.1,0
1090,46.04,53.96,37.94,1015.2,1013.0,81,15.0,10.0,24.1,0
1062,44.42,50.0,38.3,1025.7,956.0,86,6.9,5.4,22.2,0
494,65.48,91.04,55.04,1012.0,1010.4,61,16.1,11.1,22.2,0
997,71.06,89.06,57.02,1012.1,1010.4,52,16.1,6.3,20.6,0
88,55.4,68.0,44.96,1024.4,1022.8,69,16.1,11.5,29.4,0
846,52.16,62.959999999999994,41.0,1013.1,1011.4,66,15.9,9.6,29.4,0
200,68.36,84.02,59.0,1012.6,1010.7,72,16.1,13.5,20.6,0
1099,46.58,51.8,39.2,1018.1,949.2,62,13.0,20.2,33.5,0
1078,48.56,55.04,44.96,1009.3,1007.2,83,14.0,14.6,29.4,0
1253,76.1,91.4,59.9,1013.3,948.6,45,12.4,11.5,25.9,0
905,65.84,78.08,59.0,1015.6,1013.9,63,16.1,13.5,37.0,0
326,54.86,69.08,42.98,1022.6,1020.9,69,16.1,4.8,14.8,0
201,67.82,82.04,59.0,1012.7,1011.0,76,16.1,12.4,22.2,0
1798,46.04,53.6,34.16,1018.2,949.3,69,9.3,9.3,25.9,1
1637,67.82,75.2,59.0,1010.4,945.0,58,11.3,7.0,18.3,0
1039,58.28,69.08,50.0,1019.3,1017.6,72,14.8,7.0,27.8,0
1096,50.54,56.3,44.6,1027.1,958.1,60,12.1,16.9,27.8,0
950,77.54,93.2,57.56,1014.6,950.0,40,11.1,7.2,22.2,0
1036,53.78,58.1,50.0,1008.5,941.4,82,9.0,17.8,27.8,0
1364,59.540000000000006,72.5,46.4,1017.4,950.2,64,11.1,3.9,14.8,0
1650,77.18,88.34,62.6,1012.3,947.6,45,13.2,10.4,25.9,0
840,55.76,68.0,46.94,1015.5,1013.8,66,16.1,12.0,27.8,0
189,63.14,75.02,55.94,1017.0,1015.3,77,16.1,13.1,29.4,0
782,51.44,64.04,42.08,1030.2,1028.5,60,16.1,8.0,22.2,0
838,61.88,82.94,46.94,1018.6,1016.9,51,16.1,8.1,29.4,0
1600,66.2,80.6,53.6,1019.2,953.2,44,14.2,14.8,25.9,0
952,69.08,86.0,57.02,1012.5,1010.8,59,15.8,9.4,24.1,0
420,58.82,77.0,42.98,1024.9,1023.2,44,16.1,9.6,25.9,0
1462,39.92,50.0,32.0,1030.3,959.4,55,13.4,12.2,25.9,0
965,75.38,87.8,58.1,1009.4,944.6,45,13.4,12.8,44.3,0
815,54.68,71.06,42.08,1014.4,1012.7,53,15.9,10.4,22.2,0
769,50.36,68.0,39.02,1014.3,1012.7,70,13.7,5.4,16.5,1
503,62.78,69.08,57.02,1011.6,1009.9,62,15.9,15.4,27.8,0
1392,55.22,65.12,46.4,1017.1,950.1,62,10.6,11.3,22.2,0
23,51.08,64.04,37.04,1024.8,1023.1,66,16.1,7.6,24.1,0
1763,54.86,68.72,42.08,1019.2,951.7,62,10.8,5.4,11.1,0
1057,54.32,73.94,41.0,1017.7,1016.0,66,16.1,6.5,22.2,0
1020,67.1,87.08000000000001,51.08,1012.4,1010.7,24,16.1,13.5,27.8,0
727,50.9,62.059999999999995,42.98,1008.0,1006.3,67,16.1,7.8,18.3,0
859,66.74000000000001,84.02,50.0,1014.1,1012.4,46,15.9,12.6,29.4,0
215,70.52,84.91999999999999,60.08,1014.1,1012.4,78,16.1,10.9,27.8,0
35,44.06,55.94,37.04,1009.1,1007.3,75,15.8,9.3,24.1,0
1498,41.18,54.32,28.4,1027.5,957.0,85,6.0,3.3,7.6,1
1453,31.46,44.6,19.4,1025.3,953.9,69,11.6,5.6,11.1,0
916,65.3,77.0,57.92,1015.0,1013.3,68,14.0,13.1,27.8,0
1326,82.94,100.4,64.4,1013.0,949.0,38,12.1,8.5,20.6,0
1160,56.48,66.2,46.4,1022.8,956.0,61,11.9,9.3,25.9,0
293,63.68,82.94,51.08,1020.2,1018.5,64,16.1,8.5,20.6,0
517,66.2,78.98,55.04,1014.9,1013.2,59,16.1,12.0,27.8,0
433,54.5,66.92,44.96,1017.9,1016.2,57,16.1,6.5,18.3,0
1755,58.64,71.6,46.4,1017.0,951.0,55,10.9,6.3,40.7,0
713,50.36,60.08,42.08,1024.1,1022.2,78,15.6,8.5,20.6,0
1009,60.62,66.02,59.0,1015.3,1013.5,76,16.1,13.3,24.1,0
1749,58.64,73.4,44.6,1020.9,953.4,58,10.3,2.2,11.1,0
1043,49.64,59.36,41.0,1021.6,953.2,62,13.2,6.7,18.3,0
1649,78.98,87.8,68.0,1013.7,948.1,38,10.9,14.3,25.9,0
897,70.16,89.06,55.04,1015.9,1014.0,50,16.1,10.9,27.8,0
1495,42.8,62.6,26.6,1034.5,964.0,64,11.9,3.3,7.6,0
1087,58.28,62.959999999999994,48.02,1009.3,1007.4,86,14.0,13.0,20.6,0
1788,47.84,57.2,37.4,1020.4,950.9,76,11.1,6.1,16.5,0
1766,59.9,73.04,48.2,1017.8,950.7,61,11.3,6.9,22.2,0
396,36.32,58.1,21.2,1028.9,956.7,66,10.8,1.1,11.1,0
413,56.120000000000005,71.06,44.96,1016.9,1015.2,39,16.1,5.9,18.3,0
380,47.48,53.96,35.06,1011.9,1010.1,73,15.0,18.1,46.5,0
379,44.42,55.04,35.06,1020.2,1018.5,75,16.1,5.9,18.3,0
892,60.62,73.94,48.92,1019.8,1018.1,51,16.1,13.5,31.7,0
30,57.02,66.02,50.0,1011.5,1009.8,80,15.1,6.9,16.5,0
1730,60.62,77.0,39.2,1025.6,957.5,40,13.4,4.6,9.4,0
1031,65.12,78.98,51.98,1021.4,1019.8,73,15.8,6.3,22.2,0
724,53.42,64.04,37.04,1020.1,1018.4,50,15.4,9.8,24.1,0
979,67.64,80.6,57.2,1012.2,946.8,50,14.2,14.6,33.5,0
538,68.18,87.08000000000001,57.02,1013.5,1011.9,60,16.1,11.7,25.9,0
412,55.76,71.06,42.98,1020.0,1018.3,64,14.0,10.4,29.4,1
2,44.78,57.92,33.08,1023.7,1022.0,54,16.1,5.0,14.8,0
1525,51.08,57.2,41.0,1015.9,947.8,55,12.4,16.5,33.5,0
880,62.24,84.02,53.96,1013.2,1011.5,61,16.1,12.4,27.8,0
798,50.54,60.98,42.08,1021.3,1019.6,58,16.1,14.8,22.2,0
370,49.46,62.059999999999995,39.02,1032.5,1030.9,72,16.1,8.3,25.9,0
950,69.25999999999999,82.94,59.0,1010.9,1009.2,63,16.1,12.0,22.2,0
834,56.120000000000005,71.06,46.04,1012.9,1011.2,52,15.9,12.0,27.8,0
362,48.74,60.98,33.98,1020.3,1018.5,71,15.6,7.6,22.2,0
266,74.84,95.0,59.0,1014.5,1012.8,46,16.1,8.0,27.8,0
977,74.84,90.32,59.0,1011.0,946.2,49,11.1,9.6,25.9,0
29,55.22,66.02,48.02,1013.9,1012.2,85,11.1,5.2,18.3,0
509,67.1,89.06,51.08,1014.5,1012.8,44,16.1,9.6,27.8,0
718,47.66,62.059999999999995,35.96,1028.0,1026.3,60,16.1,5.9,18.3,0
939,70.52,82.04,60.8,1015.8,1014.2,60,16.1,11.5,24.1,0
1569,62.42,71.6,42.8,1004.1,938.7,41,12.4,14.1,33.5,0
1459,48.56,59.0,34.7,1021.7,952.8,87,7.2,20.0,44.3,1
233,74.84,87.98,57.92,1009.9,1008.3,82,16.1,12.0,25.9,0
637,73.04,93.02,62.959999999999994,1014.5,1012.8,55,16.1,8.0,20.6,0
698,48.56,64.94,33.08,1022.2,1020.5,51,15.9,5.4,9.4,0
128,60.98,73.94,55.94,1010.1,1008.4,79,16.1,12.0,27.8,0
871,57.92,69.98,48.02,1015.6,1013.9,46,15.9,14.3,25.9,0
1822,52.34,57.2,46.4,1012.8,945.0,78,12.4,14.6,22.2,0
449,50.0,59.0,44.06,1019.1,1017.5,74,16.1,7.2,20.6,0
1201,42.98,53.6,35.6,1012.7,943.9,52,13.4,19.4,44.3,0
1804,50.18,57.2,42.8,1022.2,953.7,72,10.8,9.6,22.2,0
1098,49.46,53.6,47.3,1019.5,951.0,93,9.5,13.1,24.1,0
567,65.66,78.98,59.0,1012.4,1010.7,68,15.4,10.7,24.1,0
525,68.9,89.96000000000001,51.98,1020.8,1019.1,33,16.1,11.3,29.4,0
1317,70.88,78.8,60.8,1011.3,946.0,57,14.5,28.3,37.0,0
922,65.3,79.7,50.36,1018.4,952.4,42,15.4,8.7,14.8,0
981,63.86,73.75999999999999,59.72,1010.2,944.2,68,14.8,19.1,33.5,0
802,52.52,66.02,37.94,1024.5,1022.8,64,16.1,8.7,24.1,0
278,66.92,86.0,48.02,1016.4,1014.7,42,16.1,4.8,22.2,0
1771,53.06,69.62,39.2,1026.9,958.3,51,10.9,4.3,7.6,0
990,63.86,78.08,53.96,1012.7,1011.0,64,15.9,13.0,20.6,0
1380,64.4,77.0,51.8,1022.4,956.5,64,11.4,3.5,11.1,0
18,58.64,69.08,48.92,1027.2,1025.6,70,16.1,5.0,14.8,0
376,46.04,57.02,37.04,1023.3,1021.7,76,16.1,6.5,18.3,0
882,68.18,84.91999999999999,55.94,1013.2,1011.5,59,15.9,10.4,24.1,0
654,76.64,95.0,60.08,1014.2,1012.5,26,16.1,5.0,18.3,0
1017,51.98,57.56,48.2,1013.3,945.5,67,12.1,26.7,37.0,0
804,48.74,59.0,42.08,1017.5,1015.9,65,15.4,23.0,38.9,0
755,46.94,53.06,37.04,1010.5,1008.8,63,15.4,23.0,38.9,0
758,49.46,51.98,46.04,1006.8,1005.2,85,10.9,22.8,46.5,0
913,67.64,78.8,55.4,1017.9,951.7,52,12.4,15.9,25.9,0
1259,65.48,79.52,49.28,1020.1,953.4,42,12.4,5.7,14.8,0
1416,48.74,59.0,41.0,1026.0,957.0,84,3.1,2.6,5.4,1
1683,80.6,93.2,64.4,1017.4,953.4,46,13.8,3.1,9.4,0
1185,58.64,68.0,50.0,1018.8,951.2,63,11.1,19.1,37.0,0
562,66.56,80.96,57.92,1012.0,1010.3,64,16.1,12.8,24.1,0
1066,56.48,75.02,44.06,1018.7,1017.0,67,15.0,3.1,9.4,0
1695,72.14,85.46000000000001,61.16,1013.7,948.5,57,12.9,6.1,25.9,0
857,59.540000000000006,71.96,48.92,1017.8,1016.1,59,16.1,13.0,31.7,0
1485,54.86,60.8,48.2,1023.5,955.0,76,12.1,16.9,25.9,0
1054,60.26,69.08,53.96,1021.6,1019.5,68,15.8,12.0,25.9,0
854,67.82,82.94,51.08,1013.7,1012.0,48,16.1,9.4,25.9,0
346,59.72,69.98,55.94,1023.7,1021.8,86,11.7,8.0,20.6,0
1050,58.28,64.04,46.94,1019.3,1017.6,85,11.9,6.3,16.5,0
1199,49.64,61.7,37.4,1014.3,946.0,49,15.6,20.0,29.4,0
1636,68.18,79.16,60.8,1010.6,945.5,69,10.6,9.4,22.2,0
510,75.74000000000001,95.0,53.06,1012.1,1010.4,35,16.1,9.3,24.1,0
34,50.54,59.0,46.94,1004.2,1002.3,79,14.5,14.6,27.8,0
1696,74.84,86.0,61.16,1015.9,950.9,47,11.3,11.5,18.3,0
1065,48.379999999999995,55.4,41.0,1019.1,950.3,53,12.6,10.4,29.4,0
947,65.84,75.02,60.98,1015.7,1014.0,68,16.1,13.3,29.4,0
924,63.14,75.02,57.02,1012.2,1010.6,68,15.8,11.9,24.1,0
312,56.3,69.08,51.08,1020.8,1019.0,81,10.5,5.6,14.8,0
1815,51.98,66.2,48.2,1020.2,951.6,86,6.4,5.2,14.8,0
47,46.22,53.06,39.02,1018.6,1016.8,77,15.6,14.8,33.5,0
735,49.46,60.98,41.0,1024.5,1022.9,77,15.8,5.2,14.8,0
1376,59.36,73.4,44.6,1017.1,949.2,66,10.8,5.6,14.8,0
236,70.88,84.02,60.98,1014.5,1012.9,72,15.8,11.3,20.6,0
58,52.879999999999995,64.04,48.02,1019.8,1017.8,85,13.7,9.1,22.2,0
918,63.14,69.98,57.2,1014.6,1013.0,69,16.1,14.4,25.9,0
1506,56.48,61.52,52.879999999999995,1027.6,958.9,75,10.9,19.8,25.9,0
585,69.98,84.91999999999999,59.0,1013.6,1011.9,58,16.1,12.4,25.9,0
507,62.959999999999994,78.98,51.08,1014.0,1012.3,52,16.1,11.7,29.4,0
1478,48.379999999999995,51.8,39.2,1014.4,947.5,65,11.9,20.7,29.4,0
1109,44.96,51.8,32.0,1028.4,958.5,87,6.0,3.9,11.1,0
1085,46.58,60.08,37.04,1019.8,1018.1,75,12.2,4.3,13.0,0
1048,50.72,61.7,41.0,1026.7,957.6,77,8.7,5.7,24.1,0
1548,57.74,69.8,41.0,1017.9,950.5,51,11.4,13.5,35.2,0
943,67.28,80.96,59.0,1017.0,1015.4,65,16.1,11.1,22.2,0
1153,47.3,53.6,42.8,1011.2,942.8,84,11.3,13.5,29.4,0
1071,53.78,57.92,50.0,1016.0,1014.2,87,7.1,3.5,9.4,0
1607,69.98,85.1,49.1,1017.8,952.0,35,14.0,9.3,18.3,0
211,66.56,84.02,57.02,1013.8,1012.1,73,15.9,14.1,24.1,0
1034,58.1,71.06,50.0,1015.4,1013.7,70,16.1,9.3,24.1,0
1359,59.0,68.0,50.9,1005.1,939.5,57,13.4,12.8,22.2,0
282,64.75999999999999,78.98,53.06,1013.7,1012.0,29,16.1,10.0,22.2,0
1817,55.4,59.36,52.16,1010.8,943.6,88,10.0,23.0,33.5,0
1237,64.04,72.14,54.68,1012.8,946.7,73,11.3,12.8,33.5,0
925,78.98,95.36,60.440000000000005,1014.8,950.7,40,13.0,3.9,14.8,0
1030,61.7,73.04,48.92,1025.3,1023.6,71,16.1,6.5,20.6,0
76,61.52,78.08,44.06,1015.0,1013.3,58,16.1,4.4,14.8,0
813,58.64,69.98,44.96,1017.3,1015.6,28,16.1,12.8,37.0,0
350,47.84,60.98,39.02,1023.4,1021.7,60,16.1,5.4,16.5,0
540,69.08,86.0,57.92,1010.1,1008.4,63,16.1,12.0,24.1,0
1124,44.78,62.6,30.2,1034.3,964.7,59,13.7,4.3,9.4,0
316,59.540000000000006,75.02,48.02,1015.6,1013.8,65,15.1,3.3,16.5,0
1547,57.92,68.0,46.4,1018.2,950.8,45,12.2,8.3,24.1,0
1524,54.86,62.6,48.2,1014.8,947.3,69,11.4,26.7,37.0,0
1352,60.62,70.7,50.9,1013.0,946.8,53,13.2,25.4,40.7,0
696,50.36,64.94,35.06,1022.8,1021.1,36,16.1,5.2,13.0,0
1477,39.92,50.0,21.2,1023.8,952.0,85,8.7,8.1,24.1,0
103,57.379999999999995,75.92,48.02,1015.3,1013.7,78,16.1,12.0,29.4,0
440,47.84,55.94,44.96,1013.7,1012.0,79,14.6,8.0,14.8,0
1134,41.18,52.7,32.9,1027.5,958.8,60,12.6,6.9,20.6,0
1047,52.52,60.8,45.68,1025.9,957.5,72,10.8,2.6,7.6,0
427,61.88,75.92,42.98,1016.2,1014.4,36,16.1,10.2,20.6,0
626,69.98,82.04,64.94,1015.2,1013.6,63,16.1,13.5,29.4,0
597,72.86,86.0,60.08,1012.3,1010.6,48,14.2,13.7,33.5,0
1726,60.440000000000005,69.8,46.4,1022.0,954.8,48,12.4,15.2,27.8,0
746,56.48,71.06,42.08,1022.5,1020.9,66,15.6,3.9,16.5,0
1502,41.72,53.6,28.04,1020.1,950.8,72,12.2,6.1,14.8,0
1107,49.82,57.2,42.8,1023.9,955.1,84,8.4,8.5,20.6,0
1724,61.7,73.4,46.04,1017.2,950.3,51,12.2,7.6,16.5,0
1670,87.08000000000001,102.2,66.56,1010.9,947.1,29,14.0,9.3,22.2,0
583,67.64,82.04,60.98,1013.2,1011.5,62,16.1,13.5,29.4,0
1602,68.0,78.8,55.76,1014.3,948.6,42,10.5,12.6,20.6,0
1432,52.16,57.2,45.68,1027.9,959.4,86,10.5,1.5,7.6,0
592,85.1,102.92,71.96,1010.6,1009.0,34,16.1,11.1,20.6,0
1299,79.7,94.28,59.0,1010.6,946.2,36,12.2,7.8,18.3,0
1187,48.02,59.72,35.96,1026.2,957.1,53,12.1,13.5,31.3,0
161,83.84,100.04,66.92,1014.6,1013.0,33,16.1,10.0,27.8,0
348,50.36,57.92,42.08,1020.7,1019.7,72,16.1,10.6,20.6,0
226,82.58,98.96,64.94,1012.8,1011.2,40,16.1,8.9,27.8,0
1484,54.86,62.6,49.28,1025.2,957.3,86,11.6,21.7,33.5,0
773,53.78,60.98,42.98,1016.4,1014.7,74,15.0,17.2,33.5,0
816,59.18,75.92,42.08,1022.5,1020.8,37,16.1,10.0,24.1,0
969,73.75999999999999,91.94,55.94,1009.1,1007.4,50,15.1,7.2,25.9,0
656,73.22,95.0,57.92,1014.2,1012.6,33,16.1,7.2,14.8,0
1542,49.28,64.4,32.72,1031.0,961.1,53,10.6,3.7,11.1,0
1070,44.239999999999995,50.0,37.4,1027.3,957.8,89,1.6,3.3,9.4,1
102,60.62,75.92,46.94,1014.6,1012.9,63,16.1,8.1,24.1,0
410,52.52,66.02,39.92,1021.7,1020.0,72,16.1,7.2,22.2,0
323,56.66,69.08,48.02,1001.1,999.6,64,16.1,11.1,25.9,0
916,75.74000000000001,89.24,61.88,1015.4,951.5,50,13.0,7.0,18.3,0
1285,83.48,98.6,64.4,1014.9,950.9,40,13.0,5.6,16.5,0
1349,75.56,88.52,59.0,1013.1,950.1,50,14.2,9.4,25.9,0
605,66.02,78.08,57.02,1009.2,1007.5,68,12.1,9.4,20.6,0
1553,57.74,74.12,39.2,1020.7,952.8,44,14.5,7.0,14.8,0
902,66.02,78.98,55.94,1012.1,1010.5,64,16.1,11.9,22.2,0
1304,86.18,100.4,69.8,1010.3,947.1,39,11.3,10.6,33.5,0
1435,48.56,53.6,44.239999999999995,1032.8,963.4,86,9.3,2.4,7.6,0
1036,63.32,71.96,57.02,1021.4,1019.6,79,16.1,6.3,16.5,0
1189,54.68,67.64,41.0,1024.1,955.7,59,12.7,10.7,27.8,0
630,68.18,82.94,57.02,1015.8,1014.1,60,16.1,8.3,22.2,0
1398,53.06,68.0,40.28,1022.2,954.1,69,10.5,1.7,9.4,0
1244,71.78,86.0,52.7,1010.9,945.7,46,13.8,9.6,18.3,0
1393,56.120000000000005,62.6,44.6,1017.6,949.4,77,11.1,13.5,25.9,0
790,56.66,69.98,39.92,1020.5,1018.8,31,16.1,10.2,24.1,0
1803,46.76,51.8,42.44,1018.1,950.1,84,10.5,5.2,11.1,0
600,73.4,89.96000000000001,64.04,1010.6,1008.9,61,13.2,9.4,20.6,0
1418,50.72,68.0,37.4,1026.1,956.7,76,6.6,3.9,11.1,1
772,51.98,62.959999999999994,44.06,1019.2,1017.5,71,16.1,4.4,18.3,0
1782,63.14,67.82,58.64,1019.2,952.6,77,10.3,19.6,29.4,0
1807,39.56,48.2,29.3,1019.8,949.7,88,7.9,4.6,7.6,0
1558,64.04,79.7,44.6,1014.7,948.1,41,15.0,3.9,18.3,0
936,67.28,82.94,55.04,1013.6,1011.9,63,16.1,9.8,22.2,0
1236,59.9,68.0,53.96,1012.7,945.5,84,9.0,15.2,29.4,0
192,67.28,80.06,59.0,1014.6,1012.9,75,15.9,11.3,25.9,0
1491,42.260000000000005,46.4,37.4,1029.2,960.0,96,2.1,3.0,13.0,1
797,51.26,62.059999999999995,37.94,1020.6,1018.9,58,16.1,10.4,24.1,0
933,65.48,78.08,55.94,1013.4,1011.7,65,15.6,10.6,22.2,0
593,85.46000000000001,100.04,71.96,1010.7,1009.1,41,16.1,12.4,27.8,0
980,69.44,78.08,64.94,1011.5,946.1,50,14.8,27.2,37.0,0
414,52.34,69.08,39.02,1018.4,1016.7,53,16.1,6.7,18.3,0
1080,44.78,54.5,37.4,1021.6,953.4,79,12.9,16.7,25.9,0
265,68.36,84.02,57.92,1013.6,1012.0,69,16.1,10.2,27.8,0
100,57.379999999999995,69.08,46.94,1022.3,1020.7,70,15.9,13.1,35.2,0
1750,59.72,77.0,42.8,1024.9,957.2,56,10.0,2.0,7.6,0
506,63.14,78.98,51.08,1017.6,1015.9,61,16.1,13.5,31.7,0
344,44.78,52.34,35.6,1027.6,958.4,74,10.5,2.2,7.6,0
907,65.48,77.0,59.0,1014.0,1012.4,70,16.1,12.8,25.9,0
927,83.84,100.04,66.56,1013.1,949.5,35,11.6,8.5,25.9,0
1424,46.94,60.8,35.6,1031.8,962.1,77,9.8,2.8,11.1,1
1723,60.62,69.8,50.0,1015.8,949.1,60,11.4,6.1,18.3,0
987,61.16,70.7,47.48,1011.2,944.3,47,15.1,21.1,33.5,0
1377,61.88,71.6,55.4,1015.9,949.0,70,10.6,5.7,14.8,0
573,68.36,80.06,57.92,1013.1,1011.4,63,16.1,10.0,22.2,0
66,48.56,55.94,41.0,1016.8,1015.2,73,16.1,11.3,27.8,0
960,66.92,82.04,60.08,1009.0,1007.3,58,14.3,16.7,27.8,0
685,55.76,73.94,37.94,1019.8,1018.1,62,16.1,2.8,9.4,0
609,64.04,78.08,57.02,1012.4,1010.7,71,13.4,10.7,24.1,0
250,66.38,77.0,55.04,1016.0,1014.3,67,16.1,12.8,29.4,0
446,55.94,68.0,44.96,1019.0,1017.2,70,15.9,6.3,27.8,0
1736,71.78,81.5,60.440000000000005,1018.8,953.3,50,13.0,9.4,24.1,0
1805,46.22,55.76,39.2,1021.8,953.0,80,13.2,6.3,20.6,0
1012,60.26,73.94,51.08,1021.2,1019.6,58,16.1,10.9,24.1,0
833,57.02,73.94,44.06,1011.1,1009.5,63,15.8,14.4,27.8,0
57,56.120000000000005,64.04,51.98,1013.3,1011.6,83,13.8,27.2,38.9,0
1178,56.120000000000005,76.28,36.5,1028.3,959.3,53,13.0,4.1,9.4,0
463,55.4,66.02,37.94,1014.8,1013.1,66,16.1,11.5,29.4,0
1161,50.72,66.2,36.5,1025.2,956.4,63,12.6,1.5,11.1,0
1154,46.58,50.9,44.6,1006.2,938.0,85,10.6,9.4,22.2,0
421,60.8,77.0,46.04,1025.3,1023.6,39,16.1,5.4,22.2,0
761,55.76,66.02,41.0,1021.1,1019.4,51,16.1,8.7,22.2,0
961,86.0,102.2,68.0,1018.8,954.7,35,10.1,5.6,11.1,0
273,57.02,71.06,44.96,1015.0,1013.3,58,16.1,11.5,27.8,0
84,57.56,68.0,48.02,1017.1,1015.6,79,15.4,7.8,20.6,0
205,75.74000000000001,91.94,60.98,1012.9,1011.2,54,16.1,11.3,25.9,0
1056,39.92,50.0,30.2,1016.3,948.3,72,9.0,3.0,7.6,0
149,60.440000000000005,75.92,53.06,1013.0,1011.3,79,16.1,12.2,29.4,0
453,53.96,64.04,48.02,1020.1,1018.4,78,15.3,8.7,18.3,0
810,51.08,66.02,37.94,1025.0,1023.3,57,16.1,12.4,31.7,0
229,67.82,84.02,60.08,1010.2,1008.6,69,16.1,20.4,27.8,0
1334,82.94,100.4,64.4,1012.8,948.9,43,14.2,7.4,22.2,0
1673,84.02,96.44,68.36,1007.7,944.2,36,10.9,10.6,22.2,0
235,69.62,84.02,60.98,1011.9,1010.2,70,16.1,11.9,25.9,0
845,56.66,68.0,50.0,1013.3,1011.6,60,16.1,10.6,24.1,0
1022,54.5,66.2,42.8,1025.1,957.3,66,13.0,5.2,14.8,0
623,66.38,78.98,60.08,1017.3,1015.6,67,7.7,7.2,18.3,0
884,64.22,80.06,53.06,1011.1,1009.5,64,15.9,8.9,22.2,0
1058,55.76,69.08,41.0,1020.2,1018.5,46,16.1,11.3,25.9,0
678,46.04,60.08,35.06,1018.0,1016.3,56,15.9,6.1,14.8,0
1075,46.22,62.059999999999995,33.08,1023.4,1021.7,58,16.1,5.7,16.5,0
1068,43.879999999999995,59.0,32.0,1026.0,957.5,79,7.9,3.9,9.4,0
1266,73.04,87.8,55.4,1016.2,950.9,46,12.4,10.0,22.2,0
1248,64.58,73.4,51.44,1019.5,951.8,62,10.9,15.6,22.2,0
885,65.84,80.96,53.06,1012.8,1011.1,62,15.9,10.9,22.2,0
837,55.76,69.98,48.02,1017.2,1015.5,67,16.1,13.1,25.9,0
1072,52.16,57.92,44.96,1016.8,1015.4,86,11.9,5.4,13.0,1
1312,82.94,97.7,66.2,1014.9,951.2,45,12.7,6.7,16.5,0
178,65.3,77.0,55.04,1017.3,1015.6,62,16.1,11.3,25.9,0
1106,42.44,46.4,37.22,1019.7,950.1,83,10.5,13.1,33.5,0
1382,61.52,69.8,53.6,1024.0,956.1,80,7.9,3.3,9.4,0
852,59.18,73.04,48.92,1014.8,1013.2,59,16.1,13.9,38.9,0
770,53.96,62.959999999999994,39.02,1016.0,1014.4,72,15.8,5.6,14.8,0
1578,55.76,65.3,48.92,1010.6,943.7,71,10.5,2.8,11.1,0
1497,46.04,64.4,32.0,1029.0,959.0,63,10.0,3.9,11.1,0
1789,46.04,50.0,38.48,1009.5,940.8,95,8.0,2.8,9.4,0
1442,48.56,66.2,36.32,1029.8,960.4,74,11.9,4.4,7.6,0
1592,56.66,65.3,47.3,1007.3,940.8,46,13.8,26.1,40.7,0
480,68.36,84.91999999999999,53.96,1017.3,1015.6,54,16.1,8.9,29.4,0
829,54.68,68.0,44.06,1020.5,1018.9,61,16.1,10.4,31.7,0
634,67.82,84.02,55.94,1016.7,1015.0,61,16.1,9.1,25.9,0
1063,57.02,71.06,46.04,1021.5,1019.8,66,14.0,3.9,9.4,0
1047,60.08,75.02,48.02,1021.6,1020.1,76,12.1,4.6,13.0,1
788,51.26,62.959999999999994,39.92,1020.6,1018.9,53,16.1,16.1,31.7,0
551,72.32,87.08000000000001,55.94,1015.5,1013.8,44,15.8,11.1,25.9,0
1738,64.94,72.68,55.4,1015.3,949.1,53,12.6,7.4,24.1,0
1004,71.06,89.06,53.06,1014.2,1012.5,34,16.1,7.2,25.9,0
805,47.66,60.08,37.04,1017.3,1015.6,62,16.1,9.1,22.2,0
1078,42.620000000000005,46.4,41.0,1011.6,942.7,77,9.8,13.9,25.9,0
1074,47.84,59.0,39.02,1020.7,1019.0,67,16.1,4.8,16.5,0
1396,57.2,64.4,50.0,1012.0,946.2,64,11.9,4.3,11.1,0
477,59.9,75.92,48.02,1024.7,1023.0,60,16.1,11.1,37.0,0
1672,83.48,97.88,65.12,1008.2,944.5,36,13.5,7.6,14.8,0
683,51.620000000000005,66.02,39.92,1023.4,1021.7,85,10.9,7.4,22.2,1
1622,66.74000000000001,79.16,50.72,1010.3,944.4,41,16.6,9.6,22.2,0
914,69.08,81.5,57.2,1017.3,952.1,54,15.8,15.2,22.2,0
1527,44.42,51.8,34.52,1018.7,949.6,51,14.3,17.4,33.5,0
1411,56.3,66.2,51.08,1018.6,951.1,70,10.1,17.0,37.0,0
1583,65.66,78.44,55.04,1019.4,952.9,52,10.8,9.6,22.2,0
38,48.02,57.02,35.06,1020.0,1018.3,78,15.8,13.7,22.2,0
780,56.48,68.0,37.04,1026.6,1024.9,46,16.1,13.3,25.9,0
407,56.66,73.04,44.06,1017.1,1015.5,42,16.1,7.2,16.5,0
743,55.22,69.98,44.06,1027.9,1026.2,70,15.4,5.4,13.0,0
995,74.3,91.94,60.98,1018.4,1016.7,47,16.1,9.1,24.1,0
459,51.08,64.04,39.02,1014.2,1012.5,65,16.1,13.3,29.4,0
841,56.3,69.08,46.94,1011.4,1009.7,65,16.1,14.4,27.8,0
37,45.68,57.02,33.98,1024.5,1022.8,68,16.1,7.0,16.5,0
1369,61.88,76.64,54.32,1018.6,952.0,72,10.8,6.3,22.2,0
1663,87.44,104.0,68.0,1011.9,948.5,29,11.4,10.9,25.9,0
1551,54.32,71.6,33.8,1029.9,961.1,38,11.9,2.2,11.1,0
1072,41.0,46.4,35.6,1030.5,960.2,86,2.3,1.3,9.4,1
898,75.92,95.0,57.02,1009.8,1008.1,46,15.8,8.7,25.9,0
425,50.54,62.059999999999995,39.92,1016.2,1014.6,57,16.1,11.3,37.0,0
785,57.56,78.98,42.98,1020.4,1018.7,39,15.9,8.3,27.8,0
1534,50.18,68.0,30.2,1013.4,944.9,49,10.6,10.0,27.8,0
981,73.94,91.04,62.059999999999995,1012.1,1010.4,56,15.0,9.3,22.2,0
15,55.94,60.98,51.08,1011.6,1009.9,83,13.5,27.0,48.2,0
1321,78.44,93.2,66.2,1010.1,947.0,54,11.7,13.0,37.0,0
1131,35.96,48.379999999999995,23.9,1013.7,943.9,66,12.1,5.2,20.6,0
906,64.94,77.0,59.0,1015.9,1014.3,68,16.1,11.7,33.5,0
1774,54.14,60.8,50.0,1007.8,939.4,85,9.0,9.8,40.7,0
1074,40.82,53.6,31.64,1028.9,958.6,89,4.2,2.8,9.4,1
261,65.48,78.08,55.94,1013.8,1012.1,64,16.1,10.6,27.8,0
1503,44.96,47.3,41.0,1022.6,953.4,91,7.6,5.6,11.1,0
1575,46.04,59.36,28.76,1014.5,945.4,49,12.6,10.2,22.2,0
1529,48.379999999999995,59.0,34.88,1007.8,940.4,67,10.6,13.3,27.8,0
384,48.74,57.92,37.04,1017.2,1015.5,76,15.3,4.4,13.0,0
564,68.36,82.04,57.92,1014.1,1012.5,62,16.1,11.9,20.6,0
991,64.04,77.0,55.04,1016.8,1015.2,64,16.1,12.6,27.8,0
1799,48.02,53.6,41.0,1011.0,942.8,63,12.6,16.1,29.4,0
970,78.44,96.08,59.0,1005.7,1004.1,44,11.1,7.0,24.1,0
1448,42.260000000000005,50.0,34.16,1025.9,955.9,72,8.2,2.6,11.1,0
1135,38.48,54.5,24.8,1034.4,963.2,67,11.7,2.8,11.1,0
1041,46.22,51.8,39.92,1012.6,944.0,87,6.6,3.3,7.6,0
1157,53.06,66.92,39.2,1030.0,961.1,69,10.5,5.0,13.0,0
936,81.32,98.6,60.8,1011.7,947.1,35,12.7,9.3,22.2,0
1023,62.78,71.96,46.04,1016.7,1015.0,48,16.1,13.5,27.8,0
1005,57.74,65.3,51.8,1008.0,941.2,49,13.7,30.0,40.7,0
720,46.76,62.059999999999995,33.98,1020.1,1018.5,67,15.6,3.5,9.4,0
542,69.25999999999999,84.02,57.92,1010.6,1009.0,63,16.1,13.0,22.2,0
1739,64.94,77.0,49.28,1018.8,952.6,55,12.7,6.1,11.1,0
954,69.62,82.94,62.059999999999995,1014.5,1012.9,63,15.8,11.9,20.6,0
1103,38.12,46.4,31.28,1017.8,948.2,88,8.9,9.4,18.3,0
1641,72.5,87.8,62.6,1011.8,946.7,63,10.6,9.3,25.9,0
1455,28.94,42.8,18.32,1028.9,957.0,78,10.1,1.9,7.6,0
1785,55.76,65.48,48.2,1020.4,953.2,75,10.1,12.0,33.5,1
72,51.44,64.94,39.02,1023.6,1022.0,56,16.1,11.1,25.9,0
1510,44.06,59.0,31.28,1028.8,959.4,62,13.4,4.8,11.1,0
115,62.42,80.06,51.08,1014.4,1012.7,73,15.6,8.0,22.2,0
948,67.82,84.91999999999999,59.0,1014.6,1013.0,65,15.9,9.8,24.1,0
303,56.120000000000005,73.04,42.08,1022.7,1021.0,34,16.1,6.5,13.0,0
1433,52.879999999999995,57.56,46.04,1031.6,963.0,83,7.6,4.6,11.1,1
262,67.82,84.02,55.04,1013.5,1011.8,54,16.1,10.2,25.9,0
828,53.6,68.0,44.06,1022.1,1020.4,63,16.1,11.1,25.9,0
227,80.78,98.96,66.02,1010.2,1008.5,42,16.1,11.5,24.1,0
1316,74.48,80.6,68.0,1008.9,944.3,49,15.4,20.0,40.7,0
706,53.96,73.94,37.94,1021.5,1019.8,49,14.0,8.7,35.2,0
532,64.58,78.08,57.02,1016.2,1014.5,54,16.1,17.6,29.4,0
1088,45.5,58.1,28.4,1019.6,950.5,60,12.7,13.1,33.5,0
1331,76.28,89.6,61.7,1014.9,949.7,44,12.9,9.4,29.4,0
1632,76.28,90.5,60.8,1018.9,953.5,47,12.1,6.7,18.3,0
314,59.36,78.08,46.94,1016.7,1015.1,63,16.1,3.3,14.8,0
358,48.56,53.96,39.92,1011.0,1009.4,78,15.8,16.3,27.8,0
1241,63.68,75.92,51.08,1014.5,948.2,50,15.3,9.3,18.3,0
964,65.84,78.98,60.08,1009.4,1007.8,65,16.1,12.4,25.9,0
1721,59.18,68.0,53.6,1012.4,945.7,75,10.1,8.0,27.8,0
367,51.08,68.0,41.0,1021.8,1020.2,67,16.1,3.5,14.8,0
860,65.48,84.91999999999999,53.06,1011.3,1009.6,50,15.6,13.1,33.5,0
1050,41.18,55.4,28.4,1025.4,955.4,59,11.3,3.3,11.1,0
635,73.94,93.02,57.92,1012.6,1010.9,48,16.1,10.7,27.8,0
345,62.059999999999995,69.98,53.96,1023.8,1022.1,76,16.1,13.3,20.6,0
1133,40.28,52.52,32.0,1019.3,949.4,79,10.3,8.3,18.3,0
1611,61.52,73.4,47.3,1021.0,953.3,40,14.5,15.6,35.2,0
658,67.82,86.0,55.04,1012.6,1010.8,60,16.1,5.4,22.2,0
166,62.42,73.04,57.02,1012.6,1011.0,76,16.1,11.9,25.9,0
1319,77.18,93.2,56.84,1012.9,948.5,43,14.3,11.7,37.0,0
21,49.64,59.0,41.0,1027.5,1025.7,66,16.1,11.5,20.6,0
491,62.059999999999995,69.98,57.02,1021.5,1019.9,68,16.1,20.2,35.2,0
1581,67.64,82.04,52.879999999999995,1016.0,950.2,44,12.7,6.1,20.6,0
432,52.34,60.08,48.02,1015.1,1013.3,72,16.1,7.8,16.5,0
1597,68.9,80.6,56.48,1014.9,949.0,42,13.4,20.6,33.5,0
1557,63.68,80.6,42.8,1019.2,952.1,33,12.6,6.9,14.8,0
1708,63.14,71.6,54.68,1008.6,942.4,66,10.8,15.4,27.8,0
1045,51.26,59.0,36.5,1023.3,954.3,79,8.0,5.0,11.1,0
903,67.64,78.08,57.02,1012.4,1010.8,60,16.1,13.5,24.1,0
259,65.66,78.08,55.04,1016.6,1014.9,62,16.1,10.4,29.4,0
1773,56.48,68.9,46.4,1013.9,946.6,45,10.3,5.7,25.9,0
1593,55.4,69.25999999999999,40.1,1018.0,950.6,38,12.9,6.5,13.0,0
1250,67.46,84.2,48.2,1020.6,954.8,49,14.2,3.7,16.5,0
1580,65.66,79.7,48.2,1019.7,952.8,45,10.5,4.3,14.8,0
958,78.44,93.2,61.88,1013.1,948.8,44,12.4,8.7,22.2,0
1812,40.82,50.9,32.0,1023.1,955.3,91,8.0,4.4,9.4,1
949,69.62,84.91999999999999,59.0,1012.0,1010.3,64,16.1,10.6,24.1,0
1722,55.94,63.32,42.8,1014.7,947.1,69,9.5,10.0,25.9,1
126,60.26,66.02,57.02,1014.2,1012.3,72,16.1,15.6,18.3,0
1104,49.82,51.8,46.4,1015.0,947.2,84,10.9,20.6,31.3,0
120,59.36,75.02,48.02,1016.1,1014.4,65,16.1,11.7,25.9,0
1336,80.24000000000001,97.52,61.52,1010.2,946.1,39,12.7,8.1,20.6,0
1228,50.72,56.3,44.6,1004.3,937.5,84,8.9,14.3,38.9,0
91,58.28,66.92,50.0,1012.4,1010.7,82,15.3,10.6,22.2,0
638,69.25999999999999,87.08000000000001,62.059999999999995,1017.6,1015.9,67,11.1,9.3,18.3,0
1204,46.76,52.7,42.8,1006.2,937.8,78,10.0,6.9,18.3,0
424,56.120000000000005,75.92,48.02,1018.5,1016.9,67,16.1,10.7,25.9,0
953,70.34,86.0,57.92,1013.5,1011.9,63,15.8,10.6,22.2,0
1024,67.28,77.0,60.08,1018.4,1016.6,73,15.9,13.9,22.2,0
614,84.91999999999999,96.08,78.98,1013.0,1011.2,34,15.9,7.0,14.8,0
672,60.62,80.06,48.92,1017.7,1016.1,61,14.5,6.1,24.1,0
775,50.72,60.98,41.0,1018.8,1017.1,65,16.1,9.3,27.8,0
1159,53.06,62.6,41.36,1018.8,950.8,76,10.6,7.0,14.8,0
582,66.02,80.96,59.0,1015.0,1013.3,66,16.1,11.9,25.9,0
1706,78.25999999999999,87.8,65.48,1012.8,947.7,47,11.9,21.5,29.4,0
186,66.56,75.92,60.08,1015.7,1014.0,69,16.1,14.6,22.2,0
578,67.28,80.06,55.94,1016.2,1014.6,61,16.1,10.9,24.1,0
142,62.78,73.94,53.06,1009.1,1007.4,73,15.9,13.3,24.1,0
1405,48.92,55.4,39.92,1018.0,949.0,83,11.4,10.0,18.3,0
1121,43.52,60.8,28.76,1033.6,963.5,63,12.4,3.1,14.8,0
245,67.82,80.96,60.08,1015.3,1013.6,72,16.1,10.9,20.6,0
8,57.92,60.98,51.08,1015.9,1014.1,80,15.3,16.9,33.5,0
703,51.98,59.0,46.94,1025.9,1024.2,60,15.0,6.5,11.1,0
1015,55.04,62.24,49.28,1006.4,939.5,71,11.6,15.4,40.7,0
399,46.4,55.94,35.06,1023.1,1021.4,32,16.1,13.7,24.1,0
842,56.3,69.08,48.02,1013.1,1011.4,66,16.1,16.5,31.7,0
908,65.12,77.0,59.0,1010.7,1009.0,72,16.1,12.4,20.6,0
1397,52.34,66.2,40.28,1018.8,951.5,68,13.0,2.6,7.6,0
96,62.24,68.0,59.0,1021.3,1019.6,65,16.1,8.1,16.5,0
1697,73.94,89.6,57.56,1018.4,953.3,42,14.6,12.2,25.9,0
535,71.96,93.02,57.92,1011.6,1009.9,42,16.1,13.3,31.7,0
1421,52.34,69.08,40.28,1024.1,956.0,74,11.7,4.1,7.6,0
1014,60.62,78.08,50.0,1015.0,1013.3,49,16.1,22.8,46.5,0
640,77.36,95.0,64.04,1014.1,1012.5,35,5.6,4.3,14.8,0
958,69.25999999999999,82.94,60.98,1010.6,1008.9,68,14.6,11.1,18.3,0
1704,76.82,90.32,61.7,1013.5,948.4,43,11.9,6.1,14.8,0
708,52.34,73.94,39.02,1019.2,1017.5,45,15.8,3.9,14.8,0
1563,65.12,79.52,51.08,1013.7,947.5,37,10.8,15.2,37.0,0
64,57.379999999999995,59.0,55.94,1006.2,1004.5,78,15.1,25.2,42.4,0
1615,74.66,89.24,58.28,1014.1,948.9,42,14.8,6.9,18.3,0
6,54.5,62.059999999999995,42.98,1016.7,1014.6,83,14.8,12.6,44.6,0
1322,80.96,95.36,63.68,1014.5,950.5,47,15.3,12.4,44.3,0
1089,47.48,53.6,37.4,1018.0,948.1,62,15.1,28.5,63.0,0
238,73.04,91.04,60.08,1010.2,1008.5,59,16.1,10.6,22.2,0
1555,60.08,77.0,39.2,1020.0,953.5,40,12.9,5.6,11.1,0
526,71.78,89.96000000000001,53.96,1017.3,1015.6,48,16.1,11.5,29.4,0
636,80.42,100.94,60.98,1011.4,1009.8,31,16.1,4.1,16.5,0
1095,46.76,55.04,37.04,1012.3,1010.7,74,16.1,10.7,24.1,0
1450,37.04,51.08,24.08,1028.5,957.7,82,9.5,3.3,11.1,0
1657,83.48,97.16,64.4,1013.1,949.0,41,15.8,7.4,18.3,0
994,74.84,91.94,55.04,1015.7,1014.0,33,16.1,6.7,20.6,0
308,58.28,75.02,46.04,1016.5,1014.8,62,15.8,4.8,11.1,0
1458,30.92,37.76,21.92,1028.4,957.3,94,2.4,4.3,9.4,1
1000,59.0,68.72,51.8,1016.7,949.5,43,16.1,11.7,25.9,0
1717,67.28,81.32,48.56,1018.5,951.3,44,14.8,9.8,22.2,0
650,67.1,84.91999999999999,53.96,1019.0,1017.3,50,16.1,6.5,25.9,0
820,64.22,82.94,46.04,1018.3,1016.6,30,16.1,6.9,18.3,0
89,58.459999999999994,75.02,44.06,1021.2,1019.5,62,16.1,9.1,25.9,0
402,55.94,66.02,48.92,1019.4,1017.7,60,16.1,5.7,13.0,0
1151,46.76,60.8,37.4,1017.2,948.9,79,7.9,4.1,33.5,1
185,65.12,80.06,55.04,1015.2,1013.4,74,15.3,11.7,22.2,0
563,67.64,82.04,57.92,1013.3,1011.7,62,16.1,11.9,24.1,0
541,68.72,84.91999999999999,57.92,1008.0,1006.4,62,16.1,14.8,25.9,0
431,53.42,66.92,50.0,1013.6,1011.9,70,15.8,14.4,25.9,0
1572,42.98,53.6,33.08,1011.4,943.4,60,10.9,12.4,33.5,0
1772,54.86,76.1,37.76,1019.4,951.4,39,10.6,3.7,13.0,0
1182,57.56,71.6,44.6,1019.9,952.6,59,12.7,3.7,11.1,0
1086,39.02,50.72,30.2,1031.2,960.1,62,11.7,4.4,11.1,0
1570,53.6,64.4,42.8,1006.9,939.6,45,13.0,17.6,25.9,0
1560,65.84,82.4,48.2,1012.4,946.3,38,12.6,5.0,9.4,0
32,54.32,59.0,51.98,1000.3,998.8,81,13.8,29.1,48.2,0
1465,43.16,53.6,34.52,1026.0,956.4,79,10.1,3.7,11.1,0
1019,66.92,87.08000000000001,48.02,1016.7,1015.0,33,16.1,4.8,18.3,0
599,73.94,89.96000000000001,60.98,1010.9,1009.2,59,9.5,9.3,31.7,0
791,55.04,69.98,39.92,1015.1,1013.4,32,16.1,8.3,24.1,0
478,63.86,78.08,48.02,1023.6,1022.0,69,16.1,15.0,31.7,0
1210,52.34,63.32,44.6,1022.2,953.9,54,12.7,9.4,22.2,0
28,56.120000000000005,64.94,48.02,1015.7,1013.9,82,15.8,6.3,14.8,0
163,72.32,82.94,60.98,1012.5,1010.8,61,16.1,13.3,22.2,0
206,69.62,86.0,57.92,1015.2,1013.5,69,16.1,11.5,22.2,0
17,55.76,64.04,50.0,1024.7,1023.0,75,16.1,3.7,9.4,0
1255,67.1,79.88,53.6,1023.7,957.4,43,11.7,22.2,27.8,0
1288,82.22,99.5,59.9,1011.1,947.4,36,10.8,6.7,18.3,0
1744,65.12,74.12,54.68,1019.1,952.6,58,10.6,7.2,24.1,0
1180,58.28,73.4,46.76,1013.5,946.5,53,13.7,14.6,27.8,0
1538,53.06,70.7,33.08,1021.6,953.4,51,12.7,10.4,22.2,0
1025,48.74,58.1,41.0,1018.9,950.1,48,11.1,18.5,29.4,0
1215,69.08,86.9,48.2,1021.8,955.6,49,13.4,3.5,11.1,0
283,63.32,80.96,48.92,1015.4,1013.7,32,16.1,6.1,18.3,0
280,69.08,87.98,53.96,1011.7,1010.0,43,16.1,7.0,20.6,0
1618,71.24000000000001,86.0,56.3,1015.3,948.6,52,11.3,8.9,25.9,0
1526,42.620000000000005,53.6,28.4,1020.1,950.9,52,11.9,8.3,18.3,0
1075,41.0,48.2,35.6,1028.7,958.5,95,1.4,4.1,9.4,1
242,70.7,89.96000000000001,59.0,1014.0,1012.4,64,16.1,8.9,24.1,0
985,64.94,76.1,49.1,1010.7,944.8,56,14.8,23.3,48.2,0
1168,53.24,68.0,38.84,1027.2,958.9,56,12.1,10.6,22.2,0
117,59.36,75.02,51.08,1011.4,1009.7,75,16.1,13.3,22.2,0
353,53.06,64.94,44.96,1023.5,1021.8,77,16.1,2.6,14.8,0
543,69.98,86.0,59.0,1010.6,1009.0,63,15.9,10.9,24.1,0
1202,45.68,58.28,27.5,1013.1,943.4,55,13.5,10.2,22.2,0
1765,59.0,71.06,47.66,1021.1,953.7,63,11.7,5.2,11.1,0
556,71.24000000000001,87.08000000000001,55.94,1014.6,1012.9,54,16.1,10.2,22.2,0
1613,69.98,84.2,54.5,1012.9,947.5,41,13.4,9.8,25.9,0
1063,47.84,54.68,44.6,1026.3,957.1,94,3.1,0.6,7.6,1
252,66.74000000000001,78.08,55.94,1012.9,1011.2,63,16.1,12.6,27.8,0
613,74.3,98.06,60.98,1014.2,1012.6,47,15.9,5.6,18.3,0
7,56.48,62.059999999999995,48.92,1017.9,1016.1,79,16.1,9.1,25.9,0
1231,54.5,62.24,47.84,1009.9,942.8,75,11.4,20.6,29.4,0
832,56.3,73.94,42.98,1010.8,1009.1,61,15.4,8.0,22.2,0
1284,81.5,95.0,61.7,1015.4,951.1,37,12.7,9.3,22.2,0
652,72.14,89.96000000000001,53.96,1018.3,1016.5,50,16.1,8.1,22.2,0
1422,49.64,68.0,37.4,1027.7,958.9,82,10.3,5.6,11.1,0
1412,51.44,62.959999999999994,40.64,1025.8,956.8,62,13.8,5.2,18.3,0
1019,55.04,62.6,50.0,1008.5,941.0,67,9.5,20.4,40.7,0
306,58.82,78.08,41.0,1016.4,1014.6,35,16.1,5.2,13.0,0
921,71.42,79.7,60.8,1010.3,945.4,44,11.4,21.1,33.5,0
1013,62.42,78.08,50.0,1019.6,1017.9,54,16.1,9.4,22.2,0
505,61.34,71.96,50.0,1019.6,1017.9,58,16.1,12.8,25.9,0
239,69.62,87.08000000000001,60.98,1011.9,1010.3,69,16.1,11.1,22.2,0
1073,39.02,42.8,35.6,1029.2,959.0,98,0.6,2.6,9.4,1
953,82.22,97.16,66.2,1013.6,949.7,41,14.8,9.6,22.2,0
31,55.94,62.959999999999994,50.0,1011.6,1010.0,77,16.1,14.1,25.9,0
849,66.2,77.0,51.98,1022.2,1020.5,47,16.1,12.8,27.8,0
913,66.92,78.98,59.0,1012.6,1011.0,67,15.9,12.6,27.8,0
377,48.56,57.02,37.04,1022.5,1020.8,78,14.8,5.4,14.8,0
39,47.120000000000005,55.94,35.96,1013.9,1012.2,80,15.6,11.3,20.6,0
1556,64.04,77.9,42.8,1021.0,955.1,37,11.6,4.1,18.3,0
94,57.02,64.94,51.98,1015.7,1014.0,78,15.8,13.9,24.1,0
1367,62.059999999999995,71.96,55.4,1014.3,947.5,70,12.1,12.4,22.2,0
659,69.44,87.08000000000001,53.96,1009.8,1008.1,45,16.1,5.0,18.3,0
1428,52.52,61.52,46.4,1025.9,957.2,72,10.9,6.9,18.3,0
1441,48.56,66.92,33.8,1032.5,962.9,75,12.7,4.1,11.1,0
148,61.88,75.92,53.06,1012.9,1011.2,77,15.1,11.5,29.4,0
1549,53.96,64.4,42.8,1020.6,952.6,38,14.5,16.7,25.9,0
1089,50.18,55.94,46.94,1012.2,1010.5,80,15.3,16.7,29.4,0
1638,70.88,82.4,58.1,1011.5,945.6,59,10.9,11.5,33.5,0
522,62.42,73.94,55.94,1013.5,1011.9,53,16.1,14.1,35.2,0
1323,84.91999999999999,96.8,66.2,1012.9,949.0,39,14.5,7.2,20.6,0
741,49.82,62.959999999999994,37.04,1024.5,1022.8,73,13.8,6.1,16.5,0
825,54.14,62.959999999999994,48.02,1018.9,1017.3,63,16.1,13.9,27.8,0
657,68.18,87.98,55.94,1015.3,1013.5,51,16.1,5.6,18.3,0
1242,66.56,81.5,48.2,1013.6,947.5,50,13.8,8.7,18.3,0
645,63.14,80.96,57.02,1013.7,1012.0,74,9.7,8.3,14.8,0
660,66.74000000000001,87.08000000000001,53.96,1009.4,1007.8,53,15.9,8.9,22.2,0
705,49.28,64.94,37.94,1025.8,1024.4,72,11.4,5.9,14.8,0
1504,51.620000000000005,59.0,44.6,1019.7,951.5,83,9.8,15.7,44.3,0
668,59.540000000000006,78.08,46.94,1017.3,1015.7,53,15.3,6.3,16.5,0
1283,78.98,93.2,59.0,1016.3,951.6,41,14.3,6.3,18.3,0
629,70.7,91.04,57.92,1012.1,1010.4,59,14.5,8.3,24.1,0
417,60.440000000000005,66.92,44.96,1015.2,1013.5,51,16.1,11.1,27.8,0
699,49.46,64.94,33.98,1024.2,1022.4,56,15.8,4.6,16.5,0
1674,83.12,95.0,69.8,1009.8,945.9,39,11.1,10.6,22.2,0
1759,60.08,71.6,53.6,1019.7,952.8,72,10.3,6.5,14.8,0
721,50.36,60.98,33.98,1020.2,1018.5,71,15.3,10.0,25.9,0
1017,59.18,75.92,42.98,1018.0,1016.3,59,16.1,7.2,20.6,0
1333,80.96,95.72,62.6,1013.8,950.5,42,13.7,5.4,11.1,0
257,66.92,87.08000000000001,57.92,1012.2,1010.5,70,16.1,12.0,29.4,0
1222,62.42,69.8,56.84,1012.2,945.9,74,10.5,8.3,29.4,0
214,69.8,84.91999999999999,55.94,1014.6,1012.7,73,16.1,10.2,27.8,0
98,56.3,72.32,41.0,1023.0,954.9,57,11.1,3.9,11.1,0
68,49.46,57.92,41.0,1013.1,1011.4,80,16.1,18.7,25.9,0
1820,55.04,58.1,50.72,1003.8,937.3,72,11.3,29.3,42.4,0
799,47.48,60.98,42.98,1014.6,1013.0,75,14.5,13.1,22.2,0
671,62.78,80.06,46.94,1018.9,1017.2,48,15.3,3.0,11.1,0
993,69.08,89.06,55.04,1015.3,1013.6,48,16.1,8.3,27.8,0
768,53.24,71.06,39.02,1016.3,1014.7,58,16.1,5.2,18.3,0
398,46.04,57.02,37.04,1020.5,1018.8,52,16.1,16.9,35.2,0
1229,53.78,73.4,47.3,1009.7,942.4,79,11.6,12.8,35.2,0
1768,58.64,72.68,44.6,1019.4,952.2,54,10.8,7.0,18.3,0
1787,53.24,60.8,48.2,1026.8,958.2,64,11.7,10.2,25.9,0
927,62.78,78.08,53.06,1013.9,1012.4,68,15.8,12.4,27.8,0
894,68.54,80.06,60.08,1013.8,1012.1,68,16.1,15.6,31.7,0
1573,41.36,51.8,26.6,1015.3,945.7,65,11.7,8.7,25.9,0
113,74.66,89.06,60.08,1013.2,1011.5,52,16.1,7.6,24.1,0
554,68.36,84.02,53.96,1011.9,1010.2,54,16.1,11.7,27.8,0
1267,77.54,90.14,56.48,1019.3,954.4,44,13.0,12.8,18.3,0
917,62.959999999999994,71.06,59.0,1015.7,1013.9,73,16.1,14.4,27.8,0
182,65.84,77.0,55.94,1015.6,1013.9,65,16.1,10.2,29.4,0
294,68.72,86.0,51.08,1020.7,1019.1,51,16.1,7.4,22.2,0
594,80.42,100.04,71.06,1013.0,1011.3,50,16.1,11.5,25.9,0
1679,78.08,89.6,63.32,1013.2,948.5,41,14.3,8.0,25.9,0
451,48.92,59.0,37.04,1020.0,1018.4,62,16.1,11.7,25.9,0
760,49.64,62.059999999999995,41.0,1020.2,1018.5,68,16.1,7.4,16.5,0
1223,57.74,69.08,45.5,1014.8,947.5,53,13.2,10.6,20.6,0
207,70.34,89.06,57.92,1016.3,1014.6,68,16.1,10.6,20.6,0
777,51.44,62.059999999999995,42.08,1020.8,1019.1,71,15.4,14.1,27.8,0
920,79.88,95.0,64.4,1009.7,945.6,40,12.1,12.0,29.4,0
1053,39.92,50.0,28.76,1020.2,950.2,83,6.3,3.0,11.1,0
325,54.68,66.02,42.98,1019.0,1017.4,70,16.1,6.3,18.3,0
1806,45.68,57.2,35.42,1022.2,952.9,81,11.7,3.0,11.1,0
270,60.98,75.92,51.08,1009.2,1007.5,65,16.1,15.4,37.0,0
208,78.25999999999999,89.06,57.92,1013.1,1011.4,48,16.1,9.6,25.9,0
876,61.52,75.02,51.08,1017.0,1015.4,57,16.1,10.4,31.7,0
1360,54.32,69.8,42.8,1008.5,941.3,69,13.2,8.3,18.3,0
77,59.72,78.08,46.94,1012.4,1010.7,63,15.6,8.5,20.6,0
776,55.04,62.059999999999995,41.0,1019.0,1017.3,76,14.5,12.2,31.7,0
1530,53.96,62.959999999999994,47.84,1006.1,939.5,66,10.8,13.3,29.4,0
418,52.7,66.92,44.96,1023.8,1022.3,72,16.1,8.3,25.9,0
1543,53.06,71.6,34.16,1028.0,959.1,43,11.9,4.3,11.1,0
1077,40.28,50.0,30.2,1018.3,948.1,81,8.9,5.6,14.8,0
1193,54.68,68.0,41.0,1020.3,951.9,45,12.2,10.6,20.6,0
559,69.98,89.96000000000001,59.0,1011.1,1009.4,57,16.1,12.0,24.1,0
1033,49.64,53.6,41.9,1016.7,948.3,81,11.6,5.4,7.6,0
571,66.38,82.94,57.02,1012.6,1010.9,62,16.1,13.0,25.9,0
1616,75.74000000000001,90.5,59.540000000000006,1013.2,948.5,41,13.8,8.7,20.6,0
1278,84.91999999999999,101.3,65.3,1010.6,946.7,36,11.6,10.4,25.9,0
1344,74.66,91.4,53.6,1016.6,950.9,45,12.6,6.5,14.8,0
986,70.16,87.98,57.02,1012.2,1010.5,59,15.8,7.6,20.6,0
492,68.0,87.08000000000001,51.08,1015.6,1013.9,42,16.1,9.8,27.8,0
1743,65.84,80.6,48.56,1018.7,952.6,49,12.6,4.8,14.8,0
1692,78.98,91.4,68.0,1014.0,949.2,48,10.6,6.3,25.9,0
987,69.08,84.02,57.02,1011.2,1009.5,57,15.6,8.0,20.6,0
929,69.98,84.02,53.96,1013.9,1012.3,60,16.1,9.6,20.6,0
736,46.94,62.059999999999995,35.96,1023.4,1021.8,74,15.8,5.6,14.8,0
483,66.92,84.02,51.08,1018.7,1017.0,63,16.1,11.5,27.8,0
1226,57.56,64.4,51.8,1008.2,941.4,52,14.3,22.6,35.2,0
574,67.1,80.06,59.0,1012.7,1011.0,64,16.1,10.9,24.1,0
919,65.3,86.0,55.94,1010.8,1009.2,63,15.0,8.3,22.2,0
546,72.32,89.06,55.04,1012.4,1010.7,43,16.1,13.3,31.7,0
1114,34.52,45.32,24.8,1025.5,954.5,55,12.2,6.1,14.8,0
145,57.2,71.06,53.06,1010.2,1008.6,71,16.1,17.6,29.4,0
258,67.82,78.08,57.92,1012.8,1011.1,74,14.6,14.4,29.4,0
363,51.620000000000005,59.0,42.08,1018.3,1016.5,78,15.0,9.1,20.6,0
212,66.2,84.02,55.94,1015.8,1014.2,79,16.1,15.0,27.8,0
411,53.24,66.02,39.92,1023.5,1021.9,69,16.1,7.6,24.1,0
1037,62.059999999999995,77.0,51.98,1021.0,1019.5,72,14.5,4.3,14.8,1
1347,69.62,84.2,53.6,1017.2,951.6,47,11.3,8.9,22.2,0
174,71.42,89.06,57.92,1011.8,1010.1,61,15.9,11.1,22.2,0
1346,69.08,77.0,54.5,1011.0,946.1,48,12.2,16.1,37.0,0
943,80.78,93.92,69.8,1013.1,949.6,45,12.1,10.7,18.3,0
1425,46.58,62.6,30.2,1028.7,958.2,72,10.6,4.4,11.1,0
963,66.38,77.0,59.0,1008.5,1006.8,67,16.1,15.6,27.8,0
1561,64.94,82.4,44.6,1013.6,947.5,37,12.9,8.7,14.8,0
237,73.04,91.04,60.08,1012.8,1011.1,59,16.1,9.8,22.2,0
675,64.4,75.92,59.0,1012.4,1010.8,66,16.1,6.9,16.5,0
95,59.36,69.08,53.06,1018.3,1016.5,73,16.1,13.0,27.8,0
1125,41.72,57.2,30.2,1032.5,962.0,70,12.1,1.5,7.6,0
490,62.78,80.06,44.96,1020.0,1018.3,47,16.1,12.8,33.5,0
1689,82.94,95.9,67.1,1009.9,945.8,33,10.9,13.9,29.4,0
1751,62.959999999999994,79.52,44.6,1029.0,961.6,51,12.4,5.4,18.3,0
1728,60.62,69.8,50.0,1021.2,953.9,48,13.5,14.4,31.3,0
1699,78.25999999999999,92.48,50.0,1016.0,950.9,39,16.1,6.9,11.1,0
965,65.3,80.96,55.04,1010.0,1008.4,63,15.9,12.8,25.9,0
384,29.3,37.4,24.8,1025.1,950.7,94,2.4,1.5,13.0,1
93,57.74,62.959999999999994,51.98,1016.8,1015.1,77,16.1,12.6,22.2,0
729,45.86,62.059999999999995,33.08,1027.1,1025.4,59,16.1,6.1,16.5,0
786,58.64,71.96,42.98,1023.9,1022.2,16,16.1,16.9,38.9,0
549,65.84,78.08,55.04,1014.7,1012.9,58,16.1,14.1,24.1,0
1092,44.96,53.06,42.08,1012.7,1011.0,76,16.1,7.4,18.3,0
1643,71.06,78.8,60.440000000000005,1011.3,946.2,43,10.8,20.0,29.4,0
288,58.459999999999994,71.96,48.02,1016.0,1014.3,75,15.3,6.5,29.4,0
1073,53.78,59.0,44.96,1014.9,1013.2,76,15.4,10.6,22.2,0
570,66.2,80.96,57.02,1012.4,1010.7,65,16.1,13.3,25.9,0
684,51.26,68.0,37.94,1025.1,1023.5,67,15.1,5.0,13.0,0
1084,46.58,57.02,32.0,1019.6,1017.9,76,15.6,8.5,22.2,0
603,68.18,78.98,62.959999999999994,1010.5,1008.8,71,14.2,11.7,24.1,0
1608,74.84,89.6,54.32,1017.0,951.7,36,14.8,13.0,25.9,0
1528,44.42,60.8,25.7,1017.8,948.6,55,14.3,5.2,18.3,0
1069,53.96,60.98,50.0,1024.5,1022.9,81,12.9,7.4,14.8,0
1512,49.1,62.6,39.2,1022.3,954.3,68,11.3,11.3,37.0,0
974,74.84,91.4,57.2,1016.1,951.0,43,13.7,5.7,11.1,0
1680,77.36,90.5,64.4,1011.2,946.5,47,13.7,11.7,29.4,0
22,48.92,60.98,37.04,1029.6,1027.9,55,16.1,4.1,11.1,0
1718,68.0,77.72,55.4,1013.2,947.5,44,13.2,8.9,22.2,0
1167,52.16,64.4,42.8,1026.4,958.1,64,11.4,5.6,22.2,0
648,65.3,77.0,57.02,1014.2,1012.5,69,16.1,11.1,27.8,0
1291,86.9,100.94,72.68,1014.3,950.7,36,11.3,13.3,29.4,0
529,62.78,73.04,55.04,1018.9,1017.2,55,16.1,16.7,29.4,0
167,64.22,80.96,53.96,1010.3,1008.6,71,16.1,15.6,24.1,0
1777,47.120000000000005,55.4,39.2,1024.9,955.9,82,8.5,6.9,14.8,1
745,54.5,71.06,42.08,1025.9,1024.2,72,16.1,6.7,16.5,0
1522,46.58,54.32,38.48,1019.0,950.2,58,11.7,25.0,46.5,0
1214,67.28,84.2,50.0,1022.8,957.8,49,14.5,7.2,11.1,0
1252,74.66,91.4,51.44,1017.3,952.3,41,14.5,7.4,14.8,0
112,68.72,87.98,48.92,1015.4,1013.7,53,16.1,7.6,31.7,0
1289,81.86,96.8,60.8,1012.3,949.6,38,10.0,7.6,11.1,0
596,79.34,93.02,69.08,1012.9,1011.1,45,9.2,10.0,27.8,0
62,53.06,62.959999999999994,48.92,1019.3,1017.6,77,15.9,8.0,22.2,0
617,65.48,78.08,60.08,1008.2,1006.4,70,13.7,7.2,14.8,0
1532,53.06,66.2,42.8,1014.6,946.7,60,11.6,7.6,18.3,0
1407,54.86,59.0,49.64,1013.8,946.3,84,11.3,11.9,20.6,0
221,72.14,80.96,60.08,1014.2,1012.5,75,16.1,13.5,31.7,0
667,61.16,78.08,46.94,1017.7,1016.0,40,16.1,4.3,13.0,0
12,53.24,64.04,42.98,1016.0,1014.3,74,16.1,10.9,24.1,0
1083,43.34,57.02,32.0,1019.6,1017.9,81,12.7,3.5,20.6,1
264,70.52,87.08000000000001,57.92,1012.6,1010.9,52,16.1,9.4,33.5,0
1426,44.06,59.72,29.48,1023.1,953.7,81,5.8,2.2,7.6,1
639,76.82,95.0,62.059999999999995,1015.2,1013.5,39,8.0,4.6,13.0,0
1091,48.02,53.6,41.0,1017.3,948.7,62,10.8,10.9,22.2,0
1262,74.84,88.52,57.2,1012.9,948.6,41,11.4,8.9,29.4,0
1811,44.6,51.8,39.2,1021.2,952.1,85,7.2,5.0,18.3,1
1000,63.32,75.92,57.92,1017.4,1015.8,70,16.1,10.0,27.8,0
1008,58.459999999999994,61.16,53.6,1009.7,943.1,73,10.6,20.0,33.5,0
1666,83.84,90.68,78.8,1009.3,945.8,38,11.4,19.8,37.0,0
821,67.28,84.91999999999999,46.04,1015.3,1013.6,30,16.1,8.0,27.8,0
1438,46.76,64.4,41.0,1032.2,962.4,88,4.5,3.1,7.6,1
1049,57.379999999999995,71.96,46.94,1019.2,1017.6,80,13.2,3.1,14.8,0
1337,78.98,91.4,64.4,1008.6,944.9,44,11.9,9.8,24.1,0
1258,62.059999999999995,73.4,48.56,1018.9,952.2,40,14.3,24.1,38.9,0
180,65.12,75.92,53.06,1016.9,1015.2,68,16.1,12.2,27.8,0
1509,47.66,53.6,39.2,1026.0,957.1,51,13.5,12.2,25.9,0
748,64.22,78.08,44.06,1014.6,1012.9,27,16.1,11.9,31.7,0
621,66.02,82.94,57.92,1012.7,1011.0,71,4.0,7.8,16.5,0
1026,47.84,55.4,42.8,1017.9,949.3,50,10.9,25.7,46.5,0
976,74.3,89.6,59.0,1013.8,948.4,46,11.3,8.9,33.5,0
1069,44.239999999999995,55.76,37.04,1027.5,957.9,83,4.0,0.6,7.6,1
928,83.12,98.6,64.4,1014.7,950.8,31,13.7,10.7,25.9,0
1306,78.98,92.12,62.24,1009.7,945.5,50,12.1,17.2,33.5,0
1460,55.58,59.72,51.8,1015.9,948.5,82,11.4,30.7,40.7,0
1658,86.36,100.04,68.72,1010.8,947.7,37,14.8,6.5,14.8,0
1083,42.260000000000005,44.6,39.2,1035.4,964.8,94,1.4,3.3,7.6,1
969,64.75999999999999,73.75999999999999,51.44,1015.3,949.0,53,12.2,9.4,18.3,0
896,65.48,78.08,55.04,1019.1,1017.4,56,16.1,16.1,27.8,0
313,55.94,69.98,50.0,1018.3,1016.7,77,11.3,7.0,13.0,0
957,75.38,88.7,61.88,1014.4,949.6,45,11.3,8.3,22.2,0
1742,65.3,78.8,51.44,1022.0,955.2,59,11.6,5.2,11.1,0
70,51.620000000000005,62.959999999999994,39.02,1013.9,1012.2,73,16.1,13.3,37.0,0
337,55.76,60.98,48.02,1011.9,1010.3,88,13.0,5.2,11.1,0
938,70.52,84.02,59.0,1014.1,1012.5,58,16.1,10.7,25.9,0
1013,61.34,66.2,56.120000000000005,1011.5,945.2,80,9.7,15.9,29.4,0
581,68.18,87.98,59.0,1015.3,1013.5,64,16.1,13.0,27.8,0
71,48.92,51.08,46.4,1005.4,937.6,83,10.6,7.0,20.6,0
1603,69.44,85.28,50.36,1010.7,944.5,38,12.7,7.6,22.2,0
759,48.379999999999995,55.94,41.0,1010.4,1008.5,79,15.1,7.4,14.8,0
590,74.66,95.0,62.059999999999995,1012.3,1010.6,50,16.1,7.8,22.2,0
1082,43.879999999999995,55.94,33.08,1024.8,1023.2,76,15.9,3.1,13.0,0
642,70.52,93.02,57.92,1014.0,1012.4,56,16.1,6.9,18.3,0
1665,88.7,107.96,67.64,1011.8,948.5,31,11.3,11.1,51.9,0
359,51.44,57.02,46.04,1010.2,1008.6,56,16.1,14.3,25.9,0
1818,58.64,61.16,52.7,1011.1,944.2,86,11.9,29.4,46.5,0
1371,65.12,78.8,48.2,1013.7,948.6,61,10.8,2.6,14.8,0
1760,61.88,76.46,47.84,1022.0,955.2,59,10.3,9.3,33.5,0
826,53.06,57.02,51.08,1016.7,1015.1,72,16.1,14.8,24.1,0
941,80.24000000000001,92.84,65.12,1012.9,949.0,41,10.6,14.6,25.9,0
1716,64.22,73.4,50.0,1019.2,952.9,42,13.4,8.7,14.8,0
996,57.56,67.1,51.08,1013.1,946.1,47,12.9,20.9,37.0,0
1471,39.38,57.2,26.6,1029.9,959.5,68,10.9,3.9,11.1,0
932,66.74000000000001,78.08,57.02,1014.1,1012.4,63,16.1,10.0,22.2,0
125,59.18,69.08,53.06,1011.8,1010.1,73,16.1,8.9,24.1,0
1081,39.38,42.8,31.1,1029.9,959.5,92,3.9,2.4,5.4,1
1598,68.54,77.9,61.88,1013.3,947.3,51,11.6,18.3,29.4,0
46,46.4,53.06,42.08,1020.5,1018.9,87,16.1,11.9,25.9,0
1220,64.75999999999999,81.32,50.0,1019.5,953.4,47,15.6,8.5,14.8,0
1821,49.46,51.8,43.7,1008.8,941.1,87,10.1,11.7,22.2,0
515,65.84,80.06,57.92,1012.3,1010.7,60,16.1,23.3,40.7,0
1414,49.28,65.12,35.96,1030.3,960.9,76,8.2,0.9,7.6,0
940,87.61999999999999,102.2,70.88,1012.5,949.1,35,12.2,16.7,33.5,0
939,86.36,102.2,64.4,1017.8,953.9,39,12.2,4.8,13.0,0
190,68.0,77.0,55.94,1018.4,1016.7,79,16.1,16.3,25.9,0
1071,39.92,42.8,35.6,1030.3,960.4,93,1.4,3.5,11.1,1
1437,44.239999999999995,54.32,37.76,1030.1,960.0,86,5.8,5.2,14.8,1
1264,72.86,82.4,64.4,1014.7,949.5,47,11.7,18.7,27.8,0
1671,86.18,100.4,71.6,1008.2,944.6,32,12.6,10.4,22.2,0
1567,57.92,74.3,37.4,1016.3,949.0,47,13.5,6.7,16.5,0
82,52.52,66.92,41.0,1022.9,1021.2,41,16.1,7.6,25.9,0
1479,40.82,48.2,31.64,1026.0,956.2,80,13.4,10.7,24.1,0
662,61.34,73.94,51.98,1015.3,1013.6,69,15.9,8.1,22.2,0
900,73.22,93.02,62.059999999999995,1006.5,1004.9,52,16.1,12.4,22.2,0
1030,49.28,53.6,44.96,1014.1,945.7,86,9.7,10.0,22.2,0
1685,84.74,98.6,70.52,1015.6,951.7,36,14.5,14.4,25.9,0
1824,52.7,57.2,47.84,1001.6,935.1,91,10.3,17.8,29.4,0
1596,67.1,73.4,62.24,1012.0,945.9,52,13.4,23.2,37.0,0
1155,48.92,60.8,40.1,1017.4,949.6,64,12.7,9.8,22.2,0
1601,64.94,80.6,43.7,1018.6,952.4,35,13.8,5.9,11.1,0
1038,50.54,68.0,46.4,1007.1,939.6,84,9.8,1.1,11.1,0
954,84.91999999999999,97.16,71.6,1011.9,947.8,34,11.6,11.7,25.9,0
1409,56.3,60.8,49.1,1017.7,950.4,82,12.6,23.7,35.2,0
1644,69.08,77.0,61.7,1011.9,946.1,48,12.6,15.6,27.8,0
569,67.28,82.94,57.92,1011.4,1009.7,62,16.1,14.1,25.9,0
213,68.54,80.06,55.94,1017.3,1015.6,79,16.1,11.5,25.9,0
1076,41.54,57.2,31.1,1028.1,957.1,80,10.9,2.4,7.6,1
20,50.36,64.94,42.98,1020.4,1018.7,76,15.4,10.4,22.2,0
1710,69.25999999999999,77.0,61.7,1007.6,942.5,52,13.2,29.3,44.3,0
1045,59.540000000000006,73.04,48.92,1025.0,1023.4,69,16.1,6.1,16.5,0
711,53.42,59.0,39.02,1019.8,1018.0,80,13.4,11.9,22.2,0
218,67.46,86.0,59.0,1013.5,1011.8,78,15.6,12.4,29.4,0
84,46.94,52.16,44.6,1009.5,941.3,80,9.5,1.5,11.1,0
1729,57.92,71.6,44.6,1024.8,957.1,39,13.0,10.2,25.9,0
155,71.42,86.0,57.02,1011.4,1009.4,71,15.9,7.4,16.5,0
1735,69.25999999999999,82.94,55.4,1018.1,952.4,50,12.9,10.0,22.2,0
1386,61.34,71.6,53.6,1010.6,943.5,69,11.4,6.1,18.3,0
1246,72.68,89.6,52.52,1016.5,951.1,47,11.7,5.6,18.3,0
284,63.68,80.96,48.02,1013.0,1011.3,37,16.1,6.7,16.5,0
579,68.0,80.96,55.94,1016.3,1014.6,64,16.1,9.8,25.9,0
300,59.9,71.96,44.96,1016.3,1014.7,22,16.1,11.1,31.7,0
1256,67.1,82.4,49.28,1021.8,955.3,37,13.5,16.3,25.9,0
823,54.86,71.06,48.02,1019.9,1018.3,65,16.1,12.0,29.4,0
962,87.44,105.8,70.16,1015.8,952.2,35,11.9,10.6,53.5,0
1677,77.9,89.6,66.2,1013.3,948.8,42,13.0,7.6,14.8,0
1138,44.06,62.6,30.2,1019.4,949.8,61,10.1,2.6,14.8,0
1129,44.06,46.4,41.0,1011.4,940.6,83,9.7,17.0,25.9,0
1023,54.86,66.74000000000001,42.8,1024.1,955.9,64,12.9,3.9,11.1,0
475,58.459999999999994,69.08,46.94,1018.6,1016.9,62,16.1,13.7,29.4,0
317,57.74,68.0,51.08,1017.2,1015.7,74,15.0,10.9,18.3,0
1463,34.16,45.32,23.0,1030.2,958.7,76,10.8,2.8,9.4,0
448,53.24,59.0,46.04,1021.2,1019.6,65,15.9,11.9,24.1,0
1320,79.52,93.2,62.6,1010.1,947.1,40,10.8,7.6,18.3,0
1335,82.4,98.6,61.52,1011.9,947.8,39,15.0,8.5,25.9,0
45,49.82,62.059999999999995,44.96,1013.1,1011.4,78,15.1,10.7,22.2,0
65,52.34,62.059999999999995,50.0,1015.1,1013.3,86,15.0,9.1,25.9,0
881,68.36,84.91999999999999,53.96,1011.6,1009.9,54,15.6,9.3,22.2,0
978,69.98,87.98,57.92,1013.4,1011.7,57,13.5,7.8,20.6,0
1545,59.540000000000006,72.68,43.879999999999995,1022.0,954.6,37,12.4,7.4,11.1,0
1439,51.08,60.8,42.8,1033.7,964.6,84,6.1,4.3,7.6,0
382,45.32,55.94,37.94,1026.5,1024.7,75,16.1,3.7,11.1,0
1489,44.96,51.8,33.08,1025.3,955.6,91,6.4,10.2,27.8,0
756,43.7,53.06,32.0,1013.3,1011.6,64,16.1,14.8,33.5,0
130,62.6,75.02,55.04,1013.8,1012.2,75,15.8,12.2,25.9,0
1571,45.14,53.6,35.6,1008.1,939.9,46,14.5,14.3,27.8,0
455,56.66,66.92,50.0,1024.0,1022.3,70,16.1,10.0,25.9,0
1064,56.48,73.04,44.06,1020.0,1018.3,70,14.3,4.3,13.0,0
1385,59.540000000000006,71.6,46.4,1014.8,947.5,70,12.4,3.7,7.6,0
1003,59.36,69.8,51.8,1012.2,945.5,57,9.8,16.9,37.0,1
1091,48.02,53.06,37.94,1014.8,1013.1,81,14.2,11.1,24.1,0
361,46.58,60.98,33.98,1020.1,1018.5,63,16.1,4.4,14.8,0
1052,54.86,68.0,44.06,1018.4,1016.7,72,15.8,5.6,14.8,0
1389,57.379999999999995,61.52,52.16,1012.5,945.4,68,12.7,14.6,27.8,0
1687,80.78,95.0,66.2,1013.3,948.8,41,12.6,7.2,16.5,0
1022,55.94,71.96,46.04,1016.2,1014.5,60,16.1,9.6,20.6,0
1712,66.74000000000001,81.5,47.3,1016.5,950.2,44,12.7,10.0,25.9,0
814,53.96,69.98,44.96,1011.4,1009.6,61,16.1,10.9,22.2,0
320,59.18,73.94,48.02,1018.8,1017.3,70,16.1,2.2,11.1,0
985,69.25999999999999,87.98,57.02,1014.3,1012.6,58,16.1,6.9,18.3,0
219,66.92,78.08,59.0,1015.1,1013.4,70,16.1,12.2,31.7,0
1197,49.28,65.3,33.8,1020.2,952.9,48,12.4,8.9,18.3,0
52,47.48,55.94,35.06,1015.6,1013.9,38,16.1,13.7,29.4,0
1094,47.48,50.0,44.6,1029.5,960.9,95,2.1,3.1,7.6,1
740,48.56,62.959999999999994,37.04,1024.7,1023.0,60,16.1,5.7,18.3,0
1640,73.22,86.72,59.72,1011.5,946.7,58,12.1,6.3,13.0,0
682,52.16,66.02,39.92,1019.6,1017.9,64,16.1,8.9,20.6,0
1711,66.38,77.0,54.5,1015.7,949.9,44,14.6,13.5,27.8,0
298,67.28,89.06,53.06,1012.8,1010.5,42,16.1,6.7,18.3,0
732,51.98,62.959999999999994,39.02,1023.3,1021.6,69,16.1,8.5,20.6,0
1358,67.28,82.4,47.48,1011.5,945.8,51,12.6,11.3,29.4,0
13,52.879999999999995,62.059999999999995,42.98,1012.5,1010.8,73,15.8,10.2,31.7,0
1552,57.56,74.12,37.76,1025.2,957.8,45,14.3,4.6,14.8,0
955,68.72,82.94,60.08,1016.2,1014.5,63,15.8,11.9,22.2,0
158,67.82,84.91999999999999,51.08,1015.3,1013.5,50,16.1,16.3,31.7,0
1093,49.28,55.04,42.08,1007.0,1005.5,80,15.8,17.6,33.5,0
931,72.5,84.56,62.24,1013.0,948.4,43,14.8,17.0,27.8,0
1324,82.04,98.6,64.4,1013.4,949.4,36,13.7,10.2,27.8,0
105,55.76,66.92,48.92,1015.4,1013.4,75,15.6,13.0,20.6,0
1605,66.56,75.2,53.6,1010.2,945.2,41,11.7,13.5,25.9,0
988,65.48,84.02,55.94,1012.2,1010.6,65,14.3,10.2,25.9,0
1499,46.94,53.6,35.6,1020.9,951.3,84,7.4,17.6,33.5,1
1115,38.48,48.92,29.84,1026.2,955.7,50,14.0,18.5,37.0,0
1094,47.3,55.04,41.0,1011.5,1010.0,85,14.0,5.6,14.8,0
356,47.3,57.02,37.94,1012.2,1010.5,82,14.0,5.2,14.8,1
867,58.64,71.06,53.06,1016.7,1015.0,65,16.1,13.9,37.0,0
973,71.42,84.2,52.7,1019.0,952.1,50,11.3,5.6,13.0,0
702,51.08,66.02,37.94,1022.1,1020.4,58,15.9,4.4,13.0,0
511,78.62,96.98,62.059999999999995,1010.8,1009.1,43,16.1,10.4,25.9,0
472,58.64,68.0,53.06,1013.1,1011.5,67,16.1,10.7,22.2,0
1713,68.18,80.24000000000001,52.52,1011.2,945.7,50,11.6,15.6,37.0,0
1703,76.46,88.88000000000001,62.6,1013.9,948.1,42,12.6,6.7,14.8,0
55,51.620000000000005,60.08,42.98,1017.7,1016.1,76,16.1,13.5,27.8,0
1515,54.68,68.36,41.0,1020.6,952.7,62,14.2,17.8,33.5,0
1051,41.54,55.4,29.3,1025.5,955.1,70,10.6,2.4,7.6,0
923,71.24000000000001,86.36,54.68,1021.1,955.0,38,14.3,8.3,11.1,0
1648,79.16,91.4,61.7,1013.0,948.7,35,11.7,8.9,18.3,0
793,53.24,69.98,42.08,1019.9,1018.2,58,16.1,11.5,25.9,0
500,64.22,73.94,53.06,1019.2,1017.5,58,16.1,15.9,25.9,0
197,68.72,84.91999999999999,57.92,1012.3,1010.6,61,16.1,15.9,27.8,0
1295,84.02,99.32,65.48,1012.9,949.2,38,10.5,10.7,27.8,0
42,32.54,42.8,24.8,1021.5,950.2,62,11.4,6.1,16.5,0
1732,69.8,83.48,52.879999999999995,1018.0,951.8,49,12.7,5.4,16.5,0
1676,76.82,87.8,59.0,1009.7,945.3,32,14.5,9.6,22.2,0
1040,46.22,50.0,39.2,1008.1,940.1,77,12.1,9.1,18.3,0
664,63.5,75.92,53.06,1017.4,1015.7,12,16.1,14.6,29.4,0
934,66.56,82.94,55.04,1015.3,1013.5,60,15.4,12.6,24.1,0
604,64.4,78.08,57.92,1010.1,1008.5,68,13.7,9.4,22.2,0
946,80.06,98.6,59.540000000000006,1015.0,950.7,40,12.1,11.3,40.7,0
179,64.04,77.0,53.06,1017.1,1015.4,65,16.1,10.7,31.7,0
1282,79.34,92.12,64.4,1015.0,950.5,38,12.1,12.4,25.9,0
1271,68.36,74.12,59.0,1012.5,946.9,44,14.5,18.1,29.4,0
1691,80.24000000000001,91.4,66.92,1013.6,949.0,43,10.5,2.6,13.0,0
941,70.52,82.94,60.98,1012.4,1010.7,64,15.6,10.6,20.6,0
1049,50.72,62.6,41.0,1026.2,957.7,42,13.7,12.8,25.9,0
19,58.28,69.08,48.92,1020.5,1018.7,81,15.3,9.4,29.4,0
255,77.72,96.08,57.92,1014.7,1013.0,40,16.1,8.3,22.2,0
1276,88.34,102.2,64.4,1015.0,950.6,32,12.9,9.1,18.3,0
986,60.26,67.28,50.0,1008.1,941.6,42,13.4,25.7,37.0,0
1038,63.68,77.0,51.98,1019.4,1018.1,68,14.8,9.3,22.2,0
408,52.52,69.98,44.06,1017.7,1016.2,70,15.8,9.8,18.3,0
1302,82.58,98.6,65.3,1013.9,950.1,42,12.1,5.6,13.0,0
694,52.16,68.0,39.92,1021.6,1019.9,71,16.1,8.5,25.9,0
883,63.14,78.98,55.94,1012.7,1011.1,70,15.8,10.7,20.6,0
930,70.52,84.02,57.92,1015.3,1013.5,62,16.1,10.7,24.1,0
1034,53.06,57.2,50.0,1013.5,945.9,89,9.7,3.3,7.6,0
498,60.08,69.98,48.92,1017.3,1015.6,59,16.1,11.3,25.9,0
512,80.96,96.98,62.959999999999994,1010.8,1009.1,38,16.1,10.7,24.1,0
230,66.38,78.98,60.08,1013.6,1012.1,78,16.1,12.8,25.9,0
5,49.64,55.94,42.98,1012.4,1010.7,86,13.7,17.4,35.2,0
1012,51.08,57.2,46.04,1013.6,945.6,91,5.0,7.6,22.2,0
818,52.34,68.0,35.6,1019.3,950.4,48,10.6,2.0,14.8,0
121,62.059999999999995,75.92,48.02,1016.5,1014.8,58,16.1,9.8,25.9,0
1707,70.7,78.8,60.8,1009.1,943.9,56,10.8,14.4,33.5,0
1079,39.38,51.08,28.4,1017.3,948.1,71,10.3,13.0,33.5,0
1263,75.74000000000001,87.8,59.0,1011.7,946.3,46,11.7,9.1,22.2,0
1307,77.72,86.0,68.0,1009.4,945.4,41,11.1,16.7,24.1,0
875,61.52,75.02,51.08,1019.1,1017.3,64,16.1,13.1,33.5,0
1,43.52,57.02,33.08,1023.9,1022.2,43,16.1,6.3,11.1,0
756,46.58,60.8,33.8,1027.7,958.8,56,10.1,5.4,21.9,0
322,59.18,75.02,48.02,1009.5,1007.9,70,15.4,8.5,29.4,0
442,47.120000000000005,57.92,37.04,1013.1,1011.6,77,16.1,9.3,18.3,0
1664,85.64,102.2,67.1,1013.6,949.8,38,11.4,6.1,14.8,0
1694,70.88,82.4,59.72,1012.3,947.0,56,11.4,7.0,27.8,0
1490,51.8,59.0,44.6,1021.9,954.0,83,11.7,9.6,18.3,0
1190,55.4,67.46,48.2,1023.4,955.7,48,13.5,17.2,29.4,0
1373,59.18,64.4,55.4,1015.2,950.3,76,11.6,15.0,33.5,0
1021,53.24,60.8,44.6,1023.1,954.9,80,9.7,5.0,9.4,1
1375,61.16,73.4,48.2,1018.1,951.8,61,10.9,5.9,11.1,0
188,63.68,78.08,55.94,1015.2,1013.4,72,15.9,13.9,31.7,0
955,80.96,97.7,64.4,1011.2,947.8,35,10.9,11.3,25.9,0
1627,73.58,86.0,57.92,1013.9,948.6,45,12.1,12.4,25.9,0
1305,83.48,98.6,69.8,1011.0,947.2,44,10.3,15.2,46.5,0
1027,45.86,55.4,34.52,1019.4,950.2,63,11.4,7.6,33.5,0
754,45.68,55.94,37.04,1014.1,1012.5,75,15.9,7.8,13.0,0
725,55.22,64.04,44.96,1021.8,1020.1,73,15.8,11.3,22.2,0
673,58.28,78.98,46.94,1021.5,1019.9,70,14.5,5.7,22.2,0
1208,52.34,64.4,42.08,1009.9,942.3,67,11.4,14.4,29.4,0
110,56.84,71.06,46.94,1018.2,1016.5,70,15.8,12.2,31.7,0
164,65.66,80.96,59.0,1013.2,1011.6,74,16.1,11.1,22.2,0
1067,43.879999999999995,58.28,33.8,1029.1,958.5,78,10.5,2.6,9.4,0
1390,61.52,69.8,55.4,1011.2,944.4,82,11.3,21.3,37.0,0
766,51.44,69.98,39.92,1023.4,1021.7,50,16.1,6.3,16.5,0
1647,75.38,89.6,57.2,1016.2,950.9,40,11.1,5.6,9.4,0
1309,79.16,93.92,60.08,1012.6,948.2,43,14.0,9.1,22.2,0
952,80.96,96.8,61.52,1015.3,951.1,36,13.0,7.6,25.9,0
1513,44.6,54.86,36.5,1025.0,955.4,61,13.2,9.4,14.8,0
957,68.9,80.96,60.98,1015.6,1013.9,68,16.1,9.8,18.3,0
714,48.379999999999995,59.0,41.0,1026.1,1024.4,69,16.1,4.6,14.8,0
462,49.28,64.04,37.94,1017.7,1016.1,72,16.1,7.4,22.2,0
1778,47.3,53.6,41.18,1023.5,954.4,86,4.5,2.6,9.4,1
1488,48.2,58.1,41.0,1025.6,956.4,80,12.6,12.0,22.2,0
381,44.78,55.94,37.94,1022.2,1020.6,78,15.8,7.4,16.5,0
474,57.92,69.08,46.94,1018.2,1016.5,62,16.1,9.8,25.9,0
1693,73.58,84.91999999999999,64.4,1014.3,948.7,53,11.1,9.8,22.2,0
809,50.18,60.08,37.94,1024.4,1022.8,63,16.1,11.1,24.1,0
1035,60.98,68.0,50.0,1016.5,1014.8,71,15.6,12.4,24.1,0
602,70.34,78.98,62.6,1010.7,1009.0,70,11.7,10.9,22.2,0
302,57.379999999999995,73.94,42.08,1017.7,1016.2,25,16.1,6.9,20.6,0
1303,85.82,100.4,67.64,1013.0,949.5,42,10.5,6.5,14.8,0
707,55.76,73.94,37.94,1021.3,1019.6,37,16.1,4.6,14.8,0
975,63.68,80.96,55.94,1012.4,1010.7,61,14.0,13.1,22.2,0
390,58.64,66.02,51.98,1021.6,1019.8,82,15.3,9.8,22.2,0
587,70.88,87.98,60.08,1012.1,1010.4,61,15.9,10.4,22.2,0
1404,49.64,55.4,45.32,1009.2,944.0,76,11.1,13.5,22.2,0
1550,50.36,65.3,32.36,1030.0,960.6,35,12.7,5.6,11.1,0
1120,39.74,57.92,26.6,1032.4,961.6,71,9.2,4.8,9.4,0
1587,69.62,82.4,54.68,1015.1,949.3,39,13.7,7.4,33.5,0
333,46.22,53.96,35.96,1015.3,1013.7,78,15.8,21.3,48.2,0
137,53.78,66.02,46.04,1015.9,1014.2,76,15.8,13.1,31.7,0
734,55.58,60.98,50.0,1020.6,1018.9,74,14.8,13.9,31.7,0
893,67.46,80.06,50.0,1015.9,1014.2,62,16.1,14.6,35.2,0
1776,48.56,52.52,44.06,1011.2,943.4,81,11.3,14.4,27.8,0
964,77.54,89.6,60.8,1011.9,947.3,42,12.7,14.6,51.9,0
1417,50.36,65.3,37.4,1025.9,957.1,79,4.7,4.3,11.1,1
1476,37.76,53.6,24.08,1028.0,957.0,66,10.3,5.0,11.1,0
1350,72.68,80.6,57.2,1014.0,948.6,56,12.9,14.8,25.9,0
1746,61.34,73.4,46.4,1019.4,952.3,55,11.4,5.9,9.4,0
1434,52.16,57.2,47.3,1030.0,961.2,91,7.6,6.9,13.0,0
534,74.66,93.02,55.04,1012.2,1010.5,28,16.1,10.7,25.9,0
688,54.14,66.02,44.96,1023.7,1022.2,76,14.5,7.0,22.2,0
1688,82.75999999999999,99.32,68.0,1013.3,948.8,42,11.7,6.1,14.8,0
1245,71.78,87.8,53.6,1011.9,946.5,49,12.6,6.3,14.8,0
787,52.34,68.0,39.92,1022.1,1020.5,52,15.9,9.6,31.7,0
899,76.82,95.0,62.059999999999995,1006.4,1004.7,48,15.1,9.3,22.2,0
586,71.78,87.98,59.0,1012.8,1011.2,56,16.1,9.1,22.2,0
865,57.74,69.08,51.98,1013.0,1011.3,64,16.1,10.9,22.2,0
763,56.120000000000005,64.04,46.04,1018.0,1016.4,71,15.3,14.1,33.5,0
1594,62.42,75.56,48.2,1016.1,949.5,43,11.1,9.4,22.2,0
1010,60.08,69.98,51.98,1015.5,1013.8,59,16.1,9.8,27.8,0
1795,47.120000000000005,55.4,41.0,1024.9,955.7,90,4.5,3.7,7.6,1
1059,53.06,69.08,37.94,1025.9,1024.2,45,16.1,5.0,20.6,0
922,67.64,80.06,59.0,1012.5,1010.8,66,16.1,12.2,18.3,0
822,62.24,84.91999999999999,48.02,1014.5,1012.8,43,16.1,9.8,22.2,0
1084,41.18,44.6,37.4,1033.6,961.7,98,0.8,3.3,7.6,1
1816,53.42,59.0,46.04,1013.1,944.3,90,7.4,16.3,40.7,0
1277,84.74,100.4,66.2,1011.4,947.9,38,10.6,11.3,29.4,0
1100,42.44,47.3,35.6,1019.6,949.1,83,11.1,23.9,42.4,0
1212,63.32,78.8,46.4,1027.0,958.4,55,11.9,3.7,9.4,0
1423,46.04,59.0,34.7,1032.4,962.6,87,2.4,5.2,11.1,1
1219,72.32,91.4,62.6,1013.0,947.9,46,12.2,9.4,25.9,0
119,60.440000000000005,69.98,51.08,1011.8,1010.1,65,16.1,18.3,29.4,0
627,68.36,80.96,60.08,1015.2,1013.7,66,16.1,12.8,24.1,0
796,50.0,62.059999999999995,37.94,1020.3,1018.7,59,16.1,12.0,24.1,0
1191,53.78,66.2,35.6,1023.7,955.6,47,13.7,12.2,31.3,0
1395,55.94,62.959999999999994,49.1,1012.3,944.8,83,11.3,8.1,22.2,0
1179,57.02,77.9,40.1,1019.9,951.2,52,12.2,6.3,14.8,0
1517,43.34,50.0,37.4,1012.8,944.7,55,10.8,24.1,40.7,0
676,53.78,62.959999999999994,48.02,1006.0,1004.3,61,16.1,8.3,14.8,0
44,58.28,62.959999999999994,42.08,999.8,998.0,88,11.9,20.4,40.7,0
1675,80.78,91.4,62.6,1009.6,945.3,31,11.9,12.2,24.1,0
861,68.36,84.91999999999999,53.06,1011.8,1010.1,43,15.9,9.8,24.1,0
1698,76.64,90.32,61.16,1019.3,953.7,41,14.3,4.8,11.1,0
297,71.24000000000001,89.96000000000001,55.04,1017.9,1016.1,34,16.1,6.5,16.5,0
374,46.94,60.98,37.04,1024.4,1022.7,73,16.1,5.9,20.6,0
1332,76.46,91.4,57.92,1014.3,949.3,45,13.8,7.6,18.3,0
16,58.1,60.98,53.96,1013.7,1011.6,77,12.9,17.2,35.2,0
1086,52.7,62.959999999999994,37.04,1017.0,1015.5,86,9.7,9.6,25.9,0
990,66.92,75.2,58.28,1011.6,946.0,56,10.8,10.0,25.9,0
1018,51.08,57.2,44.6,1016.2,948.0,74,10.1,6.7,14.8,1
1330,80.06,95.0,65.48,1014.5,950.3,42,13.8,9.8,24.1,0
101,55.94,69.98,46.94,1015.2,1013.6,69,16.1,15.6,35.2,0
1163,55.22,69.98,39.2,1022.0,954.4,59,10.5,5.0,7.6,0
171,65.66,78.98,55.94,1011.8,1010.1,66,16.1,14.3,25.9,0
199,69.25999999999999,84.02,57.02,1011.8,1010.1,60,16.1,18.3,25.9,0
519,79.88,96.98,60.08,1013.8,1012.1,37,16.1,11.1,29.4,0
1234,54.32,58.28,51.8,1011.9,944.5,78,8.9,17.4,31.3,0
454,57.379999999999995,66.92,50.0,1023.9,1022.2,66,16.1,8.3,22.2,0
576,67.28,78.08,60.08,1014.6,1013.0,67,15.8,11.1,20.6,0
584,68.54,84.91999999999999,59.0,1012.8,1011.1,59,16.1,13.7,24.1,0
1087,33.98,47.3,23.72,1029.5,957.3,68,11.6,4.1,14.8,0
975,75.56,91.4,58.1,1015.3,950.5,41,10.5,9.1,40.7,0
1540,53.78,68.0,36.68,1025.4,956.8,50,10.8,4.3,9.4,0
90,59.36,75.02,44.06,1016.6,1015.0,67,16.1,8.0,22.2,0
1793,46.58,53.96,34.88,1011.8,943.7,79,11.1,8.3,18.3,0
217,70.88,87.08000000000001,60.08,1012.8,1011.2,74,16.1,10.6,25.9,0
514,66.92,82.94,57.92,1011.6,1009.9,63,16.1,13.9,40.7,0
209,68.72,87.98,57.02,1013.5,1011.9,69,16.1,14.6,25.9,0
1656,77.54,92.3,60.8,1016.4,951.6,45,14.6,6.5,18.3,0
1419,51.08,68.0,37.76,1026.2,957.5,75,11.4,0.9,7.6,0
1451,42.8,51.8,34.16,1020.2,951.9,63,10.6,17.0,40.7,0
334,53.24,55.94,42.08,1011.4,1009.7,80,15.4,41.9,53.5,0
620,67.46,82.94,57.02,1013.7,1012.0,64,3.2,4.6,16.5,0
311,56.66,69.08,50.0,1021.4,1020.1,77,9.2,5.2,18.3,0
521,73.75999999999999,84.02,64.94,1006.1,1004.4,48,16.1,13.9,20.6,0
1294,81.68,95.9,61.52,1014.8,950.7,42,12.7,7.4,20.6,0
811,51.08,64.04,39.02,1023.2,1021.5,64,15.9,10.4,33.5,0
1296,82.94,99.86,62.059999999999995,1011.0,947.0,36,12.2,11.1,25.9,0
1662,89.41999999999999,104.0,69.08,1012.2,948.9,32,11.3,9.4,20.6,0
1003,67.46,87.08000000000001,51.08,1015.6,1013.9,42,16.1,7.0,24.1,0
1046,51.08,61.7,42.44,1022.7,954.2,76,11.7,3.9,14.8,0
394,52.879999999999995,62.059999999999995,42.98,1023.7,1022.2,83,13.4,5.9,22.2,0
42,44.96,55.04,35.06,1018.8,1017.1,75,16.1,8.3,18.3,0
674,63.68,78.08,53.06,1020.5,1019.1,68,14.2,5.2,18.3,1
272,58.1,69.8,45.32,1011.2,944.4,64,13.8,4.3,11.1,0
484,62.24,84.02,55.04,1017.0,1015.3,70,16.1,11.7,24.1,0
666,62.78,78.98,48.02,1018.0,1016.3,28,16.1,5.6,18.3,0
1041,56.120000000000005,66.02,46.04,1021.7,1020.0,60,16.1,11.5,20.6,0
970,64.4,73.4,51.8,1019.4,953.0,49,16.3,14.4,22.2,0
468,59.18,71.06,51.98,1019.1,1017.3,66,16.1,8.5,20.6,0
74,55.4,71.06,39.02,1020.7,1019.0,61,16.1,8.3,20.6,0
181,64.75999999999999,77.0,55.04,1017.5,1015.8,71,16.1,11.5,25.9,0
1132,34.7,46.4,23.0,1021.6,950.9,74,12.1,3.9,11.1,0
1634,80.06,92.12,65.48,1007.0,942.9,44,10.8,12.6,25.9,0
653,77.36,93.92,59.0,1015.4,1013.8,29,16.1,10.0,22.2,0
982,66.02,75.92,55.4,1011.0,945.1,49,19.0,14.8,18.3,0
984,68.18,82.04,57.92,1015.9,1014.2,63,16.1,7.6,22.2,0
991,65.48,77.0,54.5,1011.8,945.6,53,12.4,4.3,14.8,0
1714,70.16,80.6,56.48,1012.8,947.0,53,14.0,8.5,18.3,0
1090,54.68,57.92,51.8,1012.0,945.5,58,10.8,34.1,51.9,0
354,52.52,64.94,44.06,1017.5,1015.8,79,12.7,7.2,18.3,0
1007,73.22,91.04,57.02,1012.1,1010.5,38,16.1,5.2,18.3,0
1076,49.82,62.059999999999995,33.08,1017.0,1015.3,70,15.8,15.0,25.9,0
241,69.98,80.06,60.08,1016.4,1014.8,63,16.1,9.8,25.9,0
254,72.86,91.94,55.94,1016.0,1014.3,48,16.1,9.1,25.9,0
321,60.62,75.02,48.02,1014.8,1012.8,57,16.1,4.6,13.0,0
1093,44.42,48.2,40.64,1026.3,957.1,97,2.3,2.6,7.6,1
67,47.3,55.94,41.0,1016.2,1014.6,75,16.1,16.9,29.4,0
836,55.76,68.0,44.06,1016.8,1015.1,63,15.4,12.2,25.9,0
471,59.0,80.96,50.0,1013.5,1011.8,70,15.6,10.2,22.2,0
1659,86.9,102.2,70.7,1014.0,950.6,37,13.2,5.7,14.8,0
1682,75.92,89.6,63.32,1012.8,948.1,55,14.6,9.8,37.0,0
54,49.82,60.08,33.08,1024.5,1022.8,75,16.1,6.3,18.3,0
1651,74.48,86.0,68.0,1011.5,946.5,57,11.6,6.9,38.9,0
1401,57.56,67.1,49.64,1016.7,949.1,74,10.5,2.8,11.1,0
1566,55.22,66.56,42.8,1016.7,950.1,46,10.6,15.9,29.4,0
1060,42.8,55.4,32.0,1024.3,954.3,73,9.5,4.8,11.1,0
856,60.8,71.96,53.96,1014.1,1012.4,68,16.1,16.3,24.1,0
1243,67.82,80.6,50.0,1013.9,947.9,47,12.4,12.8,24.1,0
523,61.16,73.94,53.96,1018.9,1017.3,50,16.1,23.9,33.5,0
1150,51.08,60.440000000000005,42.44,1015.8,947.6,75,11.9,20.4,25.9,0
99,57.379999999999995,69.08,48.02,1024.8,1023.2,61,16.1,21.3,35.2,0
443,51.26,60.98,42.08,1014.4,1012.7,73,16.1,4.6,13.0,0
1802,44.96,48.2,42.08,1014.5,945.7,91,5.0,2.2,14.8,0
108,66.02,82.04,50.0,1014.9,1013.2,67,16.1,9.4,24.1,0
1273,74.48,90.68,55.4,1018.5,953.0,43,12.9,6.9,14.8,0
998,58.28,71.6,41.36,1017.7,950.3,50,12.7,7.2,22.2,0
663,62.059999999999995,71.96,51.98,1013.1,1011.4,66,16.1,9.6,24.1,0
572,68.18,82.94,57.02,1012.9,1011.3,62,16.1,12.4,24.1,0
558,73.22,91.04,59.0,1013.5,1011.8,48,16.1,10.4,24.1,0
687,59.72,66.92,53.06,1015.6,1013.9,81,15.3,11.9,20.6,0
1757,59.18,63.32,55.04,1018.6,951.9,78,9.7,12.2,27.8,0
1149,50.36,55.4,46.4,1012.2,944.4,71,11.4,21.9,35.2,0
615,87.26,105.08,68.0,1009.8,1008.2,29,11.3,8.0,31.7,0
747,57.02,78.08,44.06,1019.5,1017.9,62,15.8,4.4,14.8,0
434,58.82,69.08,44.96,1016.7,1015.0,55,16.1,6.7,16.5,0
1614,70.52,84.74,54.5,1014.2,948.8,44,13.4,8.7,18.3,0
930,79.7,95.9,64.4,1012.7,948.2,41,13.0,8.3,25.9,0
915,71.78,81.5,50.0,1016.1,950.8,59,15.6,10.2,33.5,0
960,81.68,96.8,66.92,1017.6,953.2,42,10.6,8.1,14.8,0
191,68.72,80.06,60.08,1017.8,1016.1,73,16.1,12.4,27.8,0
628,71.78,91.04,57.92,1012.1,1010.5,52,16.1,6.5,24.1,0
1482,42.260000000000005,50.0,35.42,1030.5,960.7,86,10.1,7.8,18.3,0
1678,77.72,90.32,62.959999999999994,1015.1,950.6,43,13.0,10.7,25.9,0
1280,83.48,99.5,62.6,1016.3,952.0,34,12.9,14.6,35.2,0
256,76.46,96.08,60.98,1013.1,1011.4,43,16.1,9.8,25.9,0
285,62.24,78.98,48.02,1010.8,1009.1,49,16.1,7.6,22.2,0
1792,44.78,51.8,37.76,1015.5,947.1,89,10.6,3.5,9.4,0
397,53.96,66.92,42.98,1020.6,1018.9,72,13.5,16.1,44.6,0
739,50.72,62.059999999999995,39.02,1024.7,1023.1,68,13.5,6.5,18.3,0
1391,58.459999999999994,66.2,50.72,1011.5,945.5,64,12.1,18.9,25.9,0
1486,51.44,59.0,44.6,1018.9,951.0,78,12.1,21.7,33.5,0
870,56.120000000000005,66.92,48.02,1016.6,1015.0,45,16.1,19.6,33.5,0
1767,60.26,72.86,45.86,1019.3,952.3,56,10.8,5.9,18.3,0
268,76.46,98.96,64.04,1009.6,1007.9,52,16.1,17.2,31.7,0
1574,44.06,53.6,35.24,1014.5,945.8,63,12.4,9.4,27.8,0
36,41.9,48.02,37.94,1016.8,1015.1,73,16.1,8.1,18.3,0
151,65.84,80.96,55.04,1009.7,1008.1,76,15.8,10.6,24.1,0
144,61.16,71.96,55.04,1011.5,1009.8,73,16.1,12.6,31.7,0
803,50.72,59.0,42.08,1025.0,1023.3,61,16.1,12.4,27.8,0
375,50.18,60.98,37.04,1025.4,1023.6,77,16.1,11.1,25.9,0
1006,72.68,91.04,57.02,1014.2,1012.5,38,16.1,6.7,18.3,0
92,57.74,66.92,51.98,1015.8,1014.1,75,16.1,9.4,14.8,0
1420,51.98,68.0,37.76,1027.1,958.2,77,11.1,2.2,7.6,0
1480,45.14,51.8,35.6,1025.9,956.2,70,12.7,10.0,25.9,0
1518,42.260000000000005,51.8,36.5,1022.8,954.4,46,12.6,21.7,31.3,0
274,60.62,75.92,48.92,1015.9,1014.2,49,16.1,9.3,31.7,0
984,65.84,80.6,50.54,1015.7,949.5,44,13.4,8.5,29.4,0
912,66.92,78.98,59.0,1012.6,1010.9,68,16.1,13.0,22.2,0
140,56.48,66.02,48.02,1014.5,1012.8,78,15.8,14.8,33.5,0
335,55.22,59.0,51.98,1014.9,1013.3,84,15.3,32.4,50.0,1
1449,37.76,51.8,25.7,1030.7,959.9,72,10.8,3.3,14.8,0
152,64.04,80.96,55.94,1010.4,1008.8,77,16.1,15.7,24.1,0
1474,36.86,54.32,22.1,1033.3,961.6,49,12.2,5.4,11.1,0
355,55.04,60.08,44.06,1008.1,1006.2,67,14.5,20.7,37.0,0
43,53.24,60.98,37.04,1005.2,1003.5,68,13.8,29.6,42.4,0
998,64.94,84.91999999999999,57.02,1014.5,1012.8,71,15.0,10.2,20.6,0
689,53.24,66.92,42.98,1024.0,1022.3,58,16.1,5.9,22.2,0
1297,82.58,98.6,62.6,1009.0,945.2,39,12.2,8.1,18.3,0
340,61.16,68.0,51.98,1014.3,1012.7,70,15.3,24.6,37.0,0
863,60.26,73.94,51.98,1016.6,1015.0,68,15.3,11.7,22.2,0
276,59.36,75.02,46.04,1018.8,1017.0,54,16.1,8.3,22.2,0
963,82.75999999999999,92.3,72.5,1012.8,949.2,42,13.7,18.0,59.1,0
393,53.78,60.98,42.8,1025.0,1023.3,75,15.8,12.0,24.1,0
669,59.72,77.0,46.94,1017.9,1016.2,55,15.8,4.1,14.8,0
1181,53.96,68.72,36.32,1018.0,950.3,57,14.5,6.3,14.8,0
919,78.62,94.28,62.6,1013.7,949.6,40,11.7,6.9,18.3,0
1737,67.28,77.72,53.6,1016.8,950.4,51,11.4,12.0,27.8,0
1192,58.28,69.8,36.32,1016.9,949.4,49,14.2,20.0,63.0,0
925,64.4,80.06,55.94,1012.9,1011.2,64,16.1,15.4,22.2,0
318,60.440000000000005,68.0,51.98,1021.2,1019.6,68,16.1,10.7,24.1,0
360,45.5,57.02,33.98,1017.0,1015.3,66,16.1,6.9,20.6,0
839,59.0,82.94,46.94,1019.1,1017.5,62,16.1,11.1,31.7,0
767,53.06,66.02,46.04,1020.0,1018.4,67,16.1,6.7,22.2,0
801,49.64,66.02,37.94,1020.4,1018.7,60,16.1,10.9,25.9,0
234,71.78,87.98,62.959999999999994,1007.6,1005.9,67,15.8,12.0,24.1,0
86,54.86,64.94,44.96,1021.4,1019.7,69,16.1,13.1,22.2,0
1025,63.5,77.0,57.02,1016.4,1014.7,75,14.6,12.8,22.2,0
388,53.78,64.94,44.96,1021.0,1019.4,81,11.9,6.3,16.5,1
248,66.74000000000001,71.96,64.04,1016.5,1014.7,74,16.1,17.6,27.8,0
482,63.14,77.0,51.08,1019.4,1017.7,49,16.1,11.7,29.4,0
401,51.26,66.92,41.0,1021.9,1020.2,64,16.1,5.6,14.8,0
177,63.86,73.94,55.04,1018.2,1016.5,64,16.1,18.1,35.2,0
154,68.72,86.0,57.02,1012.3,1010.6,72,15.9,9.3,20.6,0
116,62.059999999999995,80.06,51.08,1013.8,1012.1,75,16.1,13.5,24.1,0
915,65.48,77.0,57.92,1014.3,1012.7,68,16.1,14.4,24.1,0
606,65.66,77.0,55.04,1010.2,1008.6,68,13.7,9.6,20.6,0
1059,46.22,55.4,33.08,1021.1,951.8,71,11.4,5.2,11.1,0
1457,31.46,46.4,19.4,1029.6,957.9,80,6.9,4.4,9.4,0
864,58.28,71.96,51.98,1015.1,1013.4,70,15.8,11.9,25.9,0
1779,55.22,59.72,51.8,1013.7,945.5,88,9.7,12.6,44.3,0
1011,59.18,69.98,51.98,1018.0,1016.2,57,16.1,13.5,29.4,0
520,76.28,96.98,62.059999999999995,1009.2,1007.5,49,15.4,10.9,25.9,0
677,53.42,62.959999999999994,48.02,1008.2,1006.5,55,15.9,23.3,37.0,0
1801,42.44,44.6,39.56,1010.6,941.6,97,6.8,5.2,11.1,0
1314,80.24000000000001,95.9,59.0,1013.2,948.9,33,13.2,10.0,29.4,0
1348,72.32,86.72,56.120000000000005,1017.9,952.5,56,13.8,7.2,16.5,0
271,54.68,60.8,49.64,1001.8,935.2,73,16.3,13.7,24.1,0
933,76.46,93.2,54.5,1021.2,955.7,38,12.1,6.9,22.2,0
139,55.58,66.02,48.02,1013.6,1011.8,82,15.9,7.0,22.2,0
862,63.86,82.94,53.06,1014.1,1012.4,62,15.8,10.7,24.1,0
1758,62.24,69.98,58.28,1020.4,953.7,78,9.2,6.5,24.1,0
580,69.62,87.08000000000001,62.059999999999995,1016.4,1014.8,56,16.1,7.0,22.2,0
1702,75.2,89.6,56.84,1014.5,949.4,32,10.5,5.2,13.0,0
1684,83.48,98.6,65.3,1019.7,955.3,41,11.7,5.7,14.8,0
175,68.36,84.02,55.94,1010.4,1008.7,64,15.4,12.6,27.8,0
172,69.44,87.98,55.94,1013.0,1011.3,57,16.1,12.6,35.2,0
1629,78.08,92.3,57.56,1016.2,951.4,35,13.4,4.1,14.8,0
1221,68.36,85.64,47.48,1016.5,950.5,43,13.4,10.7,37.0,0
1701,72.32,89.6,55.4,1018.1,952.3,40,13.5,8.3,18.3,0
343,54.5,62.059999999999995,48.02,1023.2,1021.5,76,15.8,5.9,13.0,0
1037,50.0,54.5,46.4,1003.9,936.9,85,10.3,10.6,22.2,0
73,53.06,68.0,39.02,1023.5,1021.8,58,16.1,8.1,22.2,0
989,62.42,80.06,53.96,1010.9,1009.2,65,15.6,10.9,25.9,0
665,61.34,78.98,48.02,1018.9,1017.2,23,16.1,7.8,29.4,0
223,73.22,91.04,60.08,1015.2,1013.5,55,16.1,11.1,33.5,0
1631,77.36,86.0,69.8,1015.8,951.4,40,10.8,16.1,37.0,0
1249,64.22,78.25999999999999,48.2,1019.3,953.3,56,13.5,7.4,22.2,0
945,66.56,80.96,55.94,1016.8,1015.1,64,15.3,11.7,22.2,0
1001,55.94,69.8,44.6,1017.8,950.4,49,16.1,10.7,37.0,0
1400,55.58,69.8,41.0,1019.1,951.7,71,10.1,4.3,11.1,0
1492,42.44,47.3,39.2,1030.1,960.0,93,2.6,2.4,11.1,1
1748,59.9,72.32,46.4,1022.7,955.2,63,11.1,3.5,7.6,0
222,70.52,84.91999999999999,60.98,1016.5,1014.8,73,16.1,15.4,35.2,0
1720,59.36,68.36,51.8,1011.7,944.9,66,11.6,7.2,24.1,0
1406,53.78,59.9,49.1,1014.1,945.7,82,11.6,15.2,31.3,0
253,68.36,84.91999999999999,55.94,1015.5,1013.7,62,16.1,9.3,27.8,0
341,57.379999999999995,64.94,53.96,1015.2,1013.4,85,13.0,8.1,16.5,0
692,45.14,63.32,31.28,1028.2,958.9,68,10.3,2.0,9.1,0
524,63.5,80.06,51.98,1021.1,1019.4,44,16.1,16.3,35.2,0
1315,80.78,97.34,56.3,1012.4,948.1,35,13.8,8.7,22.2,0
1794,48.74,51.8,44.6,1015.9,947.1,90,9.5,6.3,14.8,0
429,64.94,75.02,55.94,1017.9,1016.2,51,16.1,12.0,16.5,0
1461,45.86,57.2,33.8,1014.5,946.6,65,13.0,25.6,51.9,0
932,69.98,84.2,55.4,1019.6,953.7,42,15.0,10.9,22.2,0
539,69.08,87.08000000000001,57.02,1012.5,1010.8,61,16.1,14.3,25.9,0
966,65.66,80.96,55.04,1012.3,1010.6,66,15.8,11.5,27.8,0
292,60.98,73.94,46.04,1019.0,1017.9,72,15.3,10.0,24.1,0
1261,75.02,89.96000000000001,55.04,1016.3,951.4,42,10.5,8.5,18.3,0
568,66.38,82.94,57.92,1010.1,1008.4,63,16.1,14.1,25.9,0
1709,66.92,71.6,59.72,1008.1,942.7,67,11.9,21.5,40.7,0
924,75.38,93.2,59.0,1019.5,954.9,41,13.4,4.4,22.2,0
601,74.12,86.0,64.94,1010.1,1008.4,65,9.7,9.8,25.9,0
1429,48.74,60.8,39.74,1025.0,956.2,81,11.1,4.8,11.1,0
1511,46.76,64.4,29.84,1028.5,957.9,66,11.4,4.4,11.1,0
436,59.18,75.02,48.92,1013.5,1011.8,65,14.6,8.5,27.8,0
416,56.120000000000005,69.08,41.0,1018.3,1016.6,55,16.1,4.3,16.5,0
419,54.32,69.98,44.06,1028.0,1026.4,71,15.1,7.8,20.6,0
150,62.42,78.08,55.04,1012.5,1010.9,77,15.3,10.4,27.8,0
118,59.18,71.96,51.08,1008.7,1007.0,72,15.9,15.7,24.1,0
548,65.66,75.02,57.92,1009.7,1008.0,63,16.1,19.8,25.9,0
48,44.239999999999995,55.04,33.98,1020.9,1019.2,70,16.1,9.8,24.1,0
444,52.52,64.94,41.0,1021.0,1019.3,66,16.1,5.9,13.0,0
728,48.379999999999995,62.059999999999995,37.94,1020.4,1018.4,64,16.1,4.1,16.5,0
632,71.06,82.04,57.02,1017.6,1015.9,67,16.1,13.0,29.4,0
731,48.56,62.959999999999994,39.02,1020.8,1019.1,68,14.2,4.4,14.8,0
1004,59.36,68.9,51.8,1008.5,942.1,62,11.7,32.8,55.4,0
111,61.16,82.04,46.94,1018.5,1016.8,64,15.9,11.1,27.8,0
858,63.5,84.02,48.92,1016.4,1014.7,43,15.9,12.6,27.8,0
225,78.08,98.06,60.98,1013.7,1012.1,51,16.1,11.1,24.1,0
138,54.14,62.059999999999995,48.02,1008.6,1006.9,89,15.6,13.7,29.4,0
1042,53.78,69.08,42.98,1019.0,1017.3,57,16.1,7.8,27.8,0
783,55.04,71.96,39.02,1027.0,1025.3,50,16.1,6.7,18.3,0
868,59.9,73.04,50.0,1018.8,1017.1,61,16.1,11.1,27.8,0
555,68.18,87.08000000000001,55.94,1011.7,1010.0,54,15.9,11.5,22.2,0
114,67.28,89.06,55.94,1013.4,1011.7,70,15.8,10.4,25.9,0
147,60.26,73.04,51.08,1017.2,1015.5,75,16.1,11.9,25.9,0
104,55.58,66.92,48.02,1012.5,1010.9,59,15.9,8.7,25.9,0
972,69.98,87.98,60.98,1007.8,1006.3,66,11.1,9.1,18.3,0
1171,55.22,71.06,38.12,1023.9,955.3,53,10.9,4.8,11.1,0
608,65.84,78.08,55.04,1009.8,1008.2,68,14.5,8.1,18.3,0
1117,37.4,49.1,23.9,1032.0,961.0,66,13.0,6.5,11.1,0
290,59.0,71.06,46.94,1017.3,1015.7,72,16.1,10.6,29.4,0
1311,84.38000000000001,95.0,66.2,1012.6,948.9,48,12.2,12.2,25.9,0
124,57.74,69.98,50.0,1011.1,1009.4,72,16.1,12.8,27.8,0
247,66.2,84.91999999999999,60.08,1014.2,1012.5,76,15.9,13.5,27.8,0
921,70.34,86.0,59.0,1013.4,1011.7,61,16.1,11.7,20.6,0
156,64.75999999999999,84.02,55.04,1013.7,1012.1,67,15.8,12.6,27.8,0
978,73.04,86.36,57.2,1013.5,948.1,41,11.6,10.6,22.2,0
1206,50.54,60.8,38.48,1009.9,942.7,63,10.8,12.8,33.5,0
912,67.82,77.0,58.64,1016.9,949.5,59,11.1,17.4,27.8,0
1287,82.04,99.5,57.2,1012.7,948.5,33,11.6,5.0,20.6,0
1077,52.879999999999995,57.02,44.96,1009.1,1007.4,85,10.1,25.7,38.9,0
383,45.68,55.94,37.04,1022.6,1020.9,74,16.1,3.0,11.1,0
1029,44.42,48.2,41.0,1019.0,949.9,88,9.3,13.5,24.1,0
1058,45.14,57.2,33.44,1015.5,946.3,69,11.1,3.5,9.4,0
1272,69.08,82.4,50.9,1018.2,952.4,46,14.0,8.5,14.8,0
1354,67.28,78.44,56.120000000000005,1016.1,950.0,52,13.0,17.0,35.2,0
1825,52.34,57.2,46.4,1004.8,937.7,79,12.4,19.8,37.0,0
824,54.86,64.04,50.0,1022.1,1020.5,59,16.1,14.4,25.9,0
794,54.68,66.92,42.08,1022.7,1021.1,57,16.1,10.0,22.2,0
1126,39.92,60.8,26.6,1027.8,957.5,71,12.2,3.9,9.4,0
275,59.9,77.0,46.94,1015.4,1013.7,60,16.1,10.6,35.2,0
949,77.36,93.2,60.8,1015.2,951.1,43,12.4,12.6,29.4,0
737,48.92,62.059999999999995,35.96,1023.8,1022.1,78,11.1,3.1,9.4,1
339,58.64,68.0,46.04,1016.4,1014.7,72,16.1,13.0,31.7,0
853,63.5,82.94,48.92,1013.0,1011.4,51,15.8,12.4,31.7,0
473,58.64,69.08,55.04,1016.8,1015.0,58,16.1,13.0,24.1,0
1576,51.08,65.48,31.1,1011.5,944.0,39,13.4,7.6,18.3,0
162,83.66,98.96,66.92,1012.4,1010.7,40,16.1,9.8,25.9,0
1200,43.34,50.0,37.4,1013.9,943.9,64,12.1,17.8,27.8,0
644,66.74000000000001,86.0,57.02,1015.4,1013.8,67,14.6,5.9,16.5,0
1042,48.92,57.2,44.6,1015.5,949.9,72,7.9,7.4,35.2,0
738,51.8,60.98,39.92,1023.4,1021.8,73,15.9,6.9,18.3,0
1624,69.44,82.04,50.9,1011.6,946.1,38,13.2,13.7,25.9,0
717,48.92,62.059999999999995,37.04,1023.4,1021.7,66,15.8,7.4,16.5,0
680,54.68,64.04,35.96,1019.5,1017.8,58,16.1,5.4,13.0,0
1026,59.9,69.08,51.98,1014.7,1013.1,69,16.1,7.2,20.6,0
1329,81.14,98.6,59.0,1012.9,948.6,38,11.6,7.4,18.3,0
956,75.56,87.44,58.28,1011.9,947.1,36,14.8,11.5,29.4,0
1257,66.02,77.9,53.24,1019.2,952.8,35,13.0,20.7,33.5,0
461,50.0,51.08,48.02,1006.1,1004.4,86,15.9,3.3,7.6,0
1064,49.28,51.8,46.4,1019.9,950.9,75,9.3,14.6,29.4,0
1177,52.16,68.0,35.6,1030.4,961.4,59,11.6,4.8,11.1,0
616,75.02,104.0,64.94,1005.2,1003.6,48,12.9,11.1,22.2,0
974,66.02,82.94,57.02,1008.4,1006.7,60,16.1,16.1,24.1,0
994,66.92,77.0,57.2,1015.9,949.9,59,12.2,6.9,18.3,0
1700,75.74000000000001,90.5,61.52,1014.6,949.6,39,14.5,11.5,29.4,0
1652,74.3,86.9,59.0,1011.0,946.1,47,12.4,10.2,25.9,0
327,54.68,69.08,42.08,1021.5,1019.9,57,16.1,6.7,22.2,0
962,66.02,78.08,57.92,1010.5,1008.8,71,14.5,9.4,22.2,0
1786,54.5,59.0,50.18,1024.2,956.3,61,11.7,13.1,25.9,0
69,49.64,62.959999999999994,39.92,1017.1,1015.4,79,15.1,7.2,20.6,0
485,61.88,75.92,51.98,1019.0,1017.3,65,16.1,11.5,31.7,0
228,70.16,95.0,60.08,1009.5,1007.8,66,16.1,17.6,24.1,0
972,69.98,82.4,54.14,1019.7,953.5,46,12.9,9.6,18.3,0
56,55.4,60.08,46.94,1014.8,1013.1,71,16.1,21.9,31.7,0
544,66.2,86.0,57.92,1008.4,1006.6,57,16.1,17.6,24.1,0
1626,71.96,86.0,57.2,1012.3,946.9,46,10.8,9.1,37.0,0
